SampleID	CollectionDate	Subj_Certainty	Subject	n_16s_extract	n_16s_sample	ExtractID	ExtractDate	ExtractConc	ExtractedBy	ExtractKit	ExtractBox	ExtractNotes
HDZ-001	2023-11-04	yes	Warble	1	1	HDZ-001-E1	2024-07-26	39	SA	Quick-DNA Fecal/Soil Microbe	HDZ Loris DNA Extracts Box 4	
HDZ-002	2023-11-01	yes	Warble	1	1	HDZ-002-E1	2024-02-12	40	SA	Quick-DNA Fecal/Soil Microbe	HDZ Loris DNA Extracts Box 1	
HDZ-004	2023-10-28	yes	Warble	1	1	HDZ-004-E1	2023-11-03	55	SA	Quick-DNA Fecal/Soil Microbe	HDZ Loris DNA Extracts Box 1	
HDZ-005	2023-10-27	yes	Warble	1	1	HDZ-005-E1	2023-11-03	24	SA	Quick-DNA Fecal/Soil Microbe	HDZ Loris DNA Extracts Box 1	
HDZ-010	2023-10-31	yes	Culi	1	1	HDZ-010-E1	2024-01-10	11	SA	Quick-DNA Fecal/Soil Microbe	HDZ Loris DNA Extracts Box 1	
HDZ-011	2023-10-29	yes	Culi	1	1	HDZ-011-E1	2023-11-10	45	SA	Quick-DNA Fecal/Soil Microbe	HDZ Loris DNA Extracts Box 1	
HDZ-012	2023-11-08	yes	Culi	0	0	HDZ-012-E1	2024-02-12	0	SA	Quick-DNA Fecal/Soil Microbe	HDZ Loris DNA Extracts Box 1	DNA conc lower than std
HDZ-013	2023-10-26	yes	Culi	1	1	HDZ-013-E1	2023-11-10	42	SA	Quick-DNA Fecal/Soil Microbe	HDZ Loris DNA Extracts Box 1	
HDZ-014	2023-10-27	yes	Culi	1	1	HDZ-014-E1	2023-11-10	22	SA	Quick-DNA Fecal/Soil Microbe	HDZ Loris DNA Extracts Box 1	
HDZ-015	2023-10-30	yes	Warble	1	1	HDZ-015-E1	2023-11-15	7.1	SA	Quick-DNA Fecal/Soil Microbe	HDZ Loris DNA Extracts Box 1	
HDZ-016	2023-11-01	yes	Culi	1	1	HDZ-016-E1	2024-01-17	22	SA/MB	Quick-DNA Fecal/Soil Microbe	HDZ Loris DNA Extracts Box 1	
HDZ-018	2023-10-30	yes	Culi	1	1	HDZ-018-E1	2023-11-15	9.3	SA	Quick-DNA Fecal/Soil Microbe	HDZ Loris DNA Extracts Box 1	
HDZ-019	2023-10-29	yes	Warble	1	1	HDZ-019-E1	2023-11-15	22	SA	Quick-DNA Fecal/Soil Microbe	HDZ Loris DNA Extracts Box 1	
HDZ-020	2023-11-04	yes	Culi	1	1	HDZ-020-E1	2024-01-10	15	SA	Quick-DNA Fecal/Soil Microbe	HDZ Loris DNA Extracts Box 1	
HDZ-021	2023-10-28	yes	Culi	1	1	HDZ-021-E1	2024-01-10	19	SA	Quick-DNA Fecal/Soil Microbe	HDZ Loris DNA Extracts Box 1	
HDZ-022	2023-11-03	yes	Culi	1	1	HDZ-022-E1	2024-01-10	11	SA	Quick-DNA Fecal/Soil Microbe	HDZ Loris DNA Extracts Box 1	
HDZ-023	2023-11-03	yes	Warble	1	1	HDZ-023-E1	2024-01-17	29	SA/MB	Quick-DNA Fecal/Soil Microbe	HDZ Loris DNA Extracts Box 1	
HDZ-024	2023-11-02	yes	Culi	1	1	HDZ-024-E1	2024-01-17	23	SA/MB	Quick-DNA Fecal/Soil Microbe	HDZ Loris DNA Extracts Box 1	
HDZ-025	2023-10-31	yes	Warble	1	1	HDZ-025-E1	2024-01-10	24	SA	Quick-DNA Fecal/Soil Microbe	HDZ Loris DNA Extracts Box 1	
HDZ-026	2023-11-02	yes	Culi	1	1	HDZ-026-E1	2024-01-17	28	SA/MB	Quick-DNA Fecal/Soil Microbe	HDZ Loris DNA Extracts Box 1	
HDZ-027	2023-11-05	yes	Warble	1	1	HDZ-027-E1	2024-01-10	11	SA	Quick-DNA Fecal/Soil Microbe	HDZ Loris DNA Extracts Box 1	
HDZ-028	2023-11-05	yes	Culi	2	2	HDZ-028-E1	2024-01-10	20	SA	Quick-DNA Fecal/Soil Microbe	HDZ Loris DNA Extracts Box 1	
HDZ-029	2023-11-02	no	Unknown	1	1	HDZ-029-E1	2024-01-10	12	SA	Quick-DNA Fecal/Soil Microbe	HDZ Loris DNA Extracts Box 1	
HDZ-030	2023-11-06	yes	Warble	2	2	HDZ-030-E1	2024-01-17	21	SA/MB	Quick-DNA Fecal/Soil Microbe	HDZ Loris DNA Extracts Box 1	
HDZ-031	2023-11-10	yes	Warble	0	0	HDZ-031-E1	2024-02-12	56	SA	Quick-DNA Fecal/Soil Microbe	HDZ Loris DNA Extracts Box 1	
HDZ-032	2023-11-11	yes	Culi	1	1	HDZ-032-E1	2024-02-12	93	SA	Quick-DNA Fecal/Soil Microbe	HDZ Loris DNA Extracts Box 2	
HDZ-033	2023-11-11	yes	Warble	1	1	HDZ-033-E1	2024-02-12	86	SA/WJ	Quick-DNA Fecal/Soil Microbe	HDZ Loris DNA Extracts Box 2	
HDZ-034	2023-11-12	yes	Warble	1	1	HDZ-034-E1	2024-02-12	89	SA	Quick-DNA Fecal/Soil Microbe	HDZ Loris DNA Extracts Box 2	
HDZ-035	2023-11-06	yes	Culi	1	1	HDZ-035-E1	2024-02-12	94	SA	Quick-DNA Fecal/Soil Microbe	HDZ Loris DNA Extracts Box 1	
HDZ-036	2023-11-09	yes	Warble	1	1	HDZ-036-E1	2024-04-08	29	WJ/MB	Quick-DNA Fecal/Soil Microbe	HDZ Loris DNA Extracts Box 2	
HDZ-037	2023-11-10	yes	Culi	1	1	HDZ-037-E1	2024-02-12	94	SA	Quick-DNA Fecal/Soil Microbe	HDZ Loris DNA Extracts Box 1	
HDZ-038	2023-11-12	yes	Culi	1	1	HDZ-038-E1	2024-01-06	90	SA/WJ	Quick-DNA Fecal/Soil Microbe	HDZ Loris DNA Extracts Box 2	
HDZ-039	2023-11-14	yes	Culi	1	1	HDZ-039-E1	2024-01-24	11	MB	Quick-DNA Fecal/Soil Microbe	HDZ Loris DNA Extracts Box 1	
HDZ-040	2023-11-09	yes	Culi	1	1	HDZ-040-E1	2024-02-12	83	SA	Quick-DNA Fecal/Soil Microbe	HDZ Loris DNA Extracts Box 1	
HDZ-041	2023-11-13	yes	Warble	1	1	HDZ-041-E1	2024-02-12	15	SA	Quick-DNA Fecal/Soil Microbe	HDZ Loris DNA Extracts Box 1	
HDZ-042	2023-11-13	yes	Culi	1	1	HDZ-042-E1	2024-02-12	67	SA	Quick-DNA Fecal/Soil Microbe	HDZ Loris DNA Extracts Box 1	
HDZ-043	2023-11-17	yes	Culi	0	0	HDZ-043-E1	2024-01-24	0	MB	Quick-DNA Fecal/Soil Microbe	HDZ Loris DNA Extracts Box 1	
HDZ-044	2023-11-19	no	Warble	1	1	HDZ-044-E1	2024-02-12	97	SA/WJ	Quick-DNA Fecal/Soil Microbe	HDZ Loris DNA Extracts Box 1	
HDZ-045	2023-11-07	yes	Warble	1	1	HDZ-045-E1	2024-04-08	7.2	WJ/MB	Quick-DNA Fecal/Soil Microbe	HDZ Loris DNA Extracts Box 2	
HDZ-046	2023-11-14	yes	Culi	1	1	HDZ-046-E1	2024-01-06	6.3	SA/WJ	Quick-DNA Fecal/Soil Microbe	HDZ Loris DNA Extracts Box 1	
HDZ-047	2023-11-15	yes	Culi	1	1	HDZ-047-E1	2024-02-12	94	SA	Quick-DNA Fecal/Soil Microbe	HDZ Loris DNA Extracts Box 1	
HDZ-048	2023-11-16	yes	Warble	0	0	HDZ-048-E1	2024-02-29	0	MB	Quick-DNA Fecal/Soil Microbe	HDZ Loris DNA Extracts Box 1	
HDZ-049	2023-11-18	no	Warble	1	1	HDZ-049-E1	2024-02-12	52	SA	Quick-DNA Fecal/Soil Microbe	HDZ Loris DNA Extracts Box 1	
HDZ-050	2023-11-08	yes	Warble	1	1	HDZ-050-E1	2024-02-12	56	SA	Quick-DNA Fecal/Soil Microbe	HDZ Loris DNA Extracts Box 1	
HDZ-051	2023-11-14	yes	Warble	1	1	HDZ-051-E1	2024-01-06	17	SA/WJ	Quick-DNA Fecal/Soil Microbe	HDZ Loris DNA Extracts Box 1	
HDZ-052	2023-11-13	yes	Warble	1	1	HDZ-052-E1	2024-04-08	7.5	WJ	Quick-DNA Fecal/Soil Microbe	HDZ Loris DNA Extracts Box 2	
HDZ-053	2023-11-18	yes	Culi	1	1	HDZ-053-E1	2024-02-12	104	SA/WJ	Quick-DNA Fecal/Soil Microbe	HDZ Loris DNA Extracts Box 1	
HDZ-054	2023-11-19	yes	Culi	1	1	HDZ-054-E1	2024-02-12	66	SA	Quick-DNA Fecal/Soil Microbe	HDZ Loris DNA Extracts Box 1	
HDZ-055	NA	no	Unknown	1	1	HDZ-055-E1	2024-02-25	49	WJ	Quick-DNA Fecal/Soil Microbe	HDZ Loris DNA Extracts Box 1	
HDZ-056	2023-11-29	yes	Culi	0	0	HDZ-056-E1	2024-02-29	0.3	WJ, MB	Quick-DNA Fecal/Soil Microbe	HDZ Loris DNA Extracts Box 1	Not sure if these samples were extracted twice, but Missy extracted them on 2/29/24
HDZ-057	2023-11-26	yes	Culi	1	1	HDZ-057-E1	2024-01-24	77	MB	Quick-DNA Fecal/Soil Microbe	HDZ Loris DNA Extracts Box 1	
HDZ-058	2023-11-21	yes	Culi	1	1	HDZ-058-E1	2024-02-12	25	SA	Quick-DNA Fecal/Soil Microbe	HDZ Loris DNA Extracts Box 1	
HDZ-059	2023-11-20	yes	Culi	0	0	HDZ-059-E1	2024-02-29	0.3	MB	Quick-DNA Fecal/Soil Microbe	HDZ Loris DNA Extracts Box 1	
HDZ-060	2023-12-15	yes	Culi	1	1	HDZ-060-E1	2024-04-08	35	WJ/MB	Quick-DNA Fecal/Soil Microbe	HDZ Loris DNA Extracts Box 2	
HDZ-061	2023-11-30	yes	Warble	0	0	HDZ-061-E1	2024-02-29	0.2	MB	Quick-DNA Fecal/Soil Microbe	HDZ Loris DNA Extracts Box 1	
HDZ-062	NA	yes	Warble	0	0	HDZ-062-E1	2024-02-29	0.2	MB	Quick-DNA Fecal/Soil Microbe	HDZ Loris DNA Extracts Box 1	
HDZ-063	2023-11-24	yes	Culi	1	1	HDZ-063-E1	2024-02-25	66	WJ	Quick-DNA Fecal/Soil Microbe	HDZ Loris DNA Extracts Box 1	
HDZ-064	2023-11-23	yes	Culi	1	1	HDZ-064-E1	2024-02-25	90	WJ	Quick-DNA Fecal/Soil Microbe	HDZ Loris DNA Extracts Box 1	
HDZ-065	2023-12-03	yes	Culi	1	1	HDZ-065-E1	2024-02-25	27	WJ	Quick-DNA Fecal/Soil Microbe	HDZ Loris DNA Extracts Box 1	
HDZ-066	2023-11-30	yes	Culi	1	1	HDZ-066-E1	2024-02-25	63	WJ	Quick-DNA Fecal/Soil Microbe	HDZ Loris DNA Extracts Box 1	
HDZ-067	2023-11-27	no	Warble	1	1	HDZ-067-E1	2024-02-25	62	WJ	Quick-DNA Fecal/Soil Microbe	HDZ Loris DNA Extracts Box 1	
HDZ-068	2023-11-24	yes	Warble	1	1	HDZ-068-E1	2024-02-29	4.8	WJ, MB	Quick-DNA Fecal/Soil Microbe	HDZ Loris DNA Extracts Box 1	Not sure if these samples were extracted twice, but Missy extracted them on 2/29/24
HDZ-069	2023-11-22	yes	Culi	1	1	HDZ-069-E1	2024-01-24	69	MB	Quick-DNA Fecal/Soil Microbe	HDZ Loris DNA Extracts Box 1	
HDZ-070	2023-12-02	yes	Warble	1	1	HDZ-070-E1	2024-02-29	7.5	MB	Quick-DNA Fecal/Soil Microbe	HDZ Loris DNA Extracts Box 1	
HDZ-071	2023-12-02	yes	Culi	1	1	HDZ-071-E1	2024-01-24	35	MB	Quick-DNA Fecal/Soil Microbe	HDZ Loris DNA Extracts Box 1	
HDZ-072	2023-11-29	yes	Warble	1	1	HDZ-072-E1	2024-02-29	11	MB	Quick-DNA Fecal/Soil Microbe	HDZ Loris DNA Extracts Box 1	
HDZ-073	2023-11-26	yes	Warble	1	1	HDZ-073-E1	2024-02-25	59	WJ	Quick-DNA Fecal/Soil Microbe	HDZ Loris DNA Extracts Box 1	
HDZ-074	2023-11-23	yes	Warble	0	0	HDZ-074-E1	2024-03-06	0	MB	Quick-DNA Fecal/Soil Microbe	HDZ Loris DNA Extracts Box 2	DNA conc lower than std
HDZ-075	2023-12-01	yes	Warble	0	0	HDZ-075-E1	2024-02-29	0.1	WJ, MB	Quick-DNA Fecal/Soil Microbe	HDZ Loris DNA Extracts Box 1	Not sure if these samples were extracted twice, but Missy extracted them on 2/29/24
HDZ-076	2023-12-01	yes	Culi	1	1	HDZ-076-E1	2024-02-29	1.4	MB	Quick-DNA Fecal/Soil Microbe	HDZ Loris DNA Extracts Box 1	
HDZ-077	2023-11-27	no	Culi	1	1	HDZ-077-E1	2024-02-29	28	MB	Quick-DNA Fecal/Soil Microbe	HDZ Loris DNA Extracts Box 2	
HDZ-078	2023-11-23	yes	Culi	1	1	HDZ-078-E1	2024-02-29	5.6	MB	Quick-DNA Fecal/Soil Microbe	HDZ Loris DNA Extracts Box 1	
HDZ-079	2023-11-22	yes	Warble	1	1	HDZ-079-E1	2024-02-29	1.5	MB	Quick-DNA Fecal/Soil Microbe	HDZ Loris DNA Extracts Box 1	
HDZ-080	2024-01-02	yes	Culi	0	0	HDZ-080-E1	2024-03-06	0	MB	Quick-DNA Fecal/Soil Microbe	HDZ Loris DNA Extracts Box 2	DNA conc lower than std
HDZ-081	2023-12-31	yes	Culi	1	1	HDZ-081-E1	2024-03-06	65	MB	Quick-DNA Fecal/Soil Microbe	HDZ Loris DNA Extracts Box 2	
HDZ-082	2023-12-29	yes	Warble	1	1	HDZ-082-E1	2024-03-06	79	MB	Quick-DNA Fecal/Soil Microbe	HDZ Loris DNA Extracts Box 2	
HDZ-083	2023-12-26	yes	Warble	1	1	HDZ-083-E1	2024-03-06	56	MB	Quick-DNA Fecal/Soil Microbe	HDZ Loris DNA Extracts Box 2	
HDZ-084	2023-12-21	yes	Culi	1	1	HDZ-084-E1	2024-03-06	11	MB	Quick-DNA Fecal/Soil Microbe	HDZ Loris DNA Extracts Box 2	
HDZ-085	2024-01-01	yes	Culi	1	1	HDZ-085-E1	2024-03-06	94	MB	Quick-DNA Fecal/Soil Microbe	HDZ Loris DNA Extracts Box 2	
HDZ-086	2023-12-30	yes	Culi	1	1	HDZ-086-E1	2024-03-06	83	MB	Quick-DNA Fecal/Soil Microbe	HDZ Loris DNA Extracts Box 2	
HDZ-087	2023-12-29	yes	Culi	1	1	HDZ-087-E1	2024-04-03	34	WJ	Quick-DNA Fecal/Soil Microbe	HDZ Loris DNA Extracts Box 2	
HDZ-088	2023-12-26	yes	Culi	1	1	HDZ-088-E1	2024-04-03	46	WJ	Quick-DNA Fecal/Soil Microbe	HDZ Loris DNA Extracts Box 2	
HDZ-089	2023-12-24	yes	Culi	1	1	HDZ-089-E1	2024-04-03	25	WJ	Quick-DNA Fecal/Soil Microbe	HDZ Loris DNA Extracts Box 1	
HDZ-090	2023-12-30	yes	Warble	1	1	HDZ-090-E1	2024-04-03	56	WJ	Quick-DNA Fecal/Soil Microbe	HDZ Loris DNA Extracts Box 2	
HDZ-091	2023-12-28	yes	Culi	1	1	HDZ-091-E1	2024-04-03	52	WJ	Quick-DNA Fecal/Soil Microbe	HDZ Loris DNA Extracts Box 2	
HDZ-092	2023-12-25	yes	Warble	1	1	HDZ-092-E1	2024-04-03	44	WJ	Quick-DNA Fecal/Soil Microbe	HDZ Loris DNA Extracts Box 2	
HDZ-093	2023-12-23	yes	Warble	1	1	HDZ-093-E1	2024-04-03	25	WJ	Quick-DNA Fecal/Soil Microbe	HDZ Loris DNA Extracts Box 1	
HDZ-094	2023-11-20	yes	Culi	1	1	HDZ-094-E1	2024-04-04	25	MB	Quick-DNA Fecal/Soil Microbe	HDZ Loris DNA Extracts Box 2	
HDZ-095	2023-10-26	yes	Warble	1	1	HDZ-095-E1	2024-08-26	27	SA	Quick-DNA Fecal/Soil Microbe	HDZ Loris DNA Extracts Box 6	
HDZ-096	2023-12-27	yes	Warble	1	1	HDZ-096-E1	2024-04-04	41	MB	Quick-DNA Fecal/Soil Microbe	HDZ Loris DNA Extracts Box 2	
HDZ-097	2023-12-25	yes	Culi	1	1	HDZ-097-E1	2024-04-04	83	MB	Quick-DNA Fecal/Soil Microbe	HDZ Loris DNA Extracts Box 2	
HDZ-098	2023-12-22	yes	Culi	1	1	HDZ-098-E1	2024-04-04	47	MB	Quick-DNA Fecal/Soil Microbe	HDZ Loris DNA Extracts Box 2	
HDZ-099	2023-12-21	yes	Warble	1	1	HDZ-099-E1	2024-04-04	32	MB	Quick-DNA Fecal/Soil Microbe	HDZ Loris DNA Extracts Box 2	
HDZ-101	2023-12-24	yes	Warble	1	1	HDZ-101-E1	2024-04-04	20	MB	Quick-DNA Fecal/Soil Microbe	HDZ Loris DNA Extracts Box 2	
HDZ-102	2023-12-23	no	Culi	1	1	HDZ-102-E1	2024-04-04	32	MB	Quick-DNA Fecal/Soil Microbe	HDZ Loris DNA Extracts Box 2	
HDZ-103	2023-12-22	yes	Warble	1	1	HDZ-103-E1	2024-04-04	46	MB	Quick-DNA Fecal/Soil Microbe	HDZ Loris DNA Extracts Box 2	
HDZ-104	2023-11-20	yes	Warble	1	1	HDZ-104-E1	2024-04-08	26	WJ	Quick-DNA Fecal/Soil Microbe	HDZ Loris DNA Extracts Box 2	
HDZ-105	2023-12-28	yes	Warble	1	1	HDZ-105-E1	2024-04-08	39	WJ	Quick-DNA Fecal/Soil Microbe	HDZ Loris DNA Extracts Box 2	
HDZ-106	2024-01-01	yes	Warble	1	1	HDZ-106-E1	2024-04-08	40	WJ	Quick-DNA Fecal/Soil Microbe	HDZ Loris DNA Extracts Box 2	
HDZ-107	2024-01-02	yes	Warble	1	1	HDZ-107-E1	2024-04-08	17	WJ	Quick-DNA Fecal/Soil Microbe	HDZ Loris DNA Extracts Box 2	
HDZ-108	2023-12-27	yes	Culi	1	1	HDZ-108-E1	2024-04-08	21	WJ	Quick-DNA Fecal/Soil Microbe	HDZ Loris DNA Extracts Box 2	
HDZ-109	2023-12-31	yes	Warble	1	1	HDZ-109-E1	2024-04-08	43	WJ	Quick-DNA Fecal/Soil Microbe	HDZ Loris DNA Extracts Box 2	
HDZ-155	2023-12-15	yes	Warble	1	1	HDZ-155-E1	2024-04-09	25	MB	Quick-DNA Fecal/Soil Microbe	HDZ Loris DNA Extracts Box 2	
HDZ-156	2023-12-15	yes	Culi	1	1	HDZ-156-E1	2024-04-09	25	MB	Quick-DNA Fecal/Soil Microbe	HDZ Loris DNA Extracts Box 2	
HDZ-157	2023-12-14	yes	Warble	1	1	HDZ-157-E1	2024-04-09	57	MB	Quick-DNA Fecal/Soil Microbe	HDZ Loris DNA Extracts Box 2	
HDZ-158	2024-07-16	no	Warble	1	1	HDZ-158-E1	2024-08-27	39	ZE	Quick-DNA Fecal/Soil Microbe	HDZ Loris DNA Extracts Box 6	
HDZ-159	2024-07-02	yes	Warble	1	1	HDZ-159-E1	2024-08-27	22	ZE	Quick-DNA Fecal/Soil Microbe	HDZ Loris DNA Extracts Box 6	
HDZ-160	2024-06-10	yes	Warble	1	1	HDZ-160-E1	2024-07-26	45	SA	Quick-DNA Fecal/Soil Microbe	HDZ Loris DNA Extracts Box 4	
HDZ-161	2023-12-16	yes	Warble	1	1	HDZ-161-E1	2024-04-09	34	MB	Quick-DNA Fecal/Soil Microbe	HDZ Loris DNA Extracts Box 2	
HDZ-162	2023-12-17	yes	Warble	1	1	HDZ-162-E1	2024-04-09	41	MB	Quick-DNA Fecal/Soil Microbe	HDZ Loris DNA Extracts Box 2	
HDZ-163	2023-12-19	yes	Culi	1	1	HDZ-163-E1	2024-04-09	40	MB	Quick-DNA Fecal/Soil Microbe	HDZ Loris DNA Extracts Box 2	
HDZ-164	2024-06-13	yes	Warble	1	1	HDZ-164-E1	2024-07-26	18	SA	Quick-DNA Fecal/Soil Microbe	HDZ Loris DNA Extracts Box 4	
HDZ-165	2024-05-14	yes	Warble	1	1	HDZ-165-E1	2024-07-26	22	SA	Quick-DNA Fecal/Soil Microbe	HDZ Loris DNA Extracts Box 4	
HDZ-166	2024-05-14	yes	Culi	1	1	HDZ-166-E1	2024-07-26	9.1	SA	Quick-DNA Fecal/Soil Microbe	HDZ Loris DNA Extracts Box 4	
HDZ-167	2023-12-14	yes	Culi	1	1	HDZ-167-E1	2024-04-09	75	MB	Quick-DNA Fecal/Soil Microbe	HDZ Loris DNA Extracts Box 2	
HDZ-168	2023-12-17	yes	Culi	1	1	HDZ-168-E1	2024-04-09	20	MB	Quick-DNA Fecal/Soil Microbe	HDZ Loris DNA Extracts Box 2	
HDZ-169	2023-12-18	yes	Culi	1	1	HDZ-169-E1	2024-04-09	45	MB	Quick-DNA Fecal/Soil Microbe	HDZ Loris DNA Extracts Box 2	
HDZ-170	2023-12-18	yes	Warble	1	1	HDZ-170-E1	2024-04-09	46	MB	Quick-DNA Fecal/Soil Microbe	HDZ Loris DNA Extracts Box 2	
HDZ-171	2024-06-28	yes	Warble	1	1	HDZ-171-E1	2024-08-27	32	ZE	Quick-DNA Fecal/Soil Microbe	HDZ Loris DNA Extracts Box 6	
HDZ-172	2024-06-29	yes	Warble	1	1	HDZ-172-E1	2024-08-27	76	ZE	Quick-DNA Fecal/Soil Microbe	HDZ Loris DNA Extracts Box 6	
HDZ-173	2023-12-14	yes	Warble	1	1	HDZ-173-E1	2024-04-09	53	MB	Quick-DNA Fecal/Soil Microbe	HDZ Loris DNA Extracts Box 2	
HDZ-174	2023-12-16	yes	Culi	1	1	HDZ-174-E1	2024-04-09	52	MB	Quick-DNA Fecal/Soil Microbe	HDZ Loris DNA Extracts Box 2	
HDZ-175	2023-12-13	yes	Culi	1	1	HDZ-175-E1	2024-04-15	22	MB	Quick-DNA Fecal/Soil Microbe	HDZ Loris DNA Extracts Box 2	
HDZ-176	2023-12-09	yes	Culi	1	1	HDZ-176-E1	2024-04-15	7.7	MB	Quick-DNA Fecal/Soil Microbe	HDZ Loris DNA Extracts Box 2	
HDZ-177	2023-12-13	yes	Warble	1	1	HDZ-177-E1	2024-04-15	4.9	MB	Quick-DNA Fecal/Soil Microbe	HDZ Loris DNA Extracts Box 2	
HDZ-178	2024-06-20	yes	Warble	1	1	HDZ-178-E1	2024-07-26	60	SA	Quick-DNA Fecal/Soil Microbe	HDZ Loris DNA Extracts Box 4	
HDZ-179	2023-12-11	yes	Culi	1	1	HDZ-179-E1	2024-04-15	32	MB	Quick-DNA Fecal/Soil Microbe	HDZ Loris DNA Extracts Box 2	
HDZ-180	2023-12-12	yes	Culi	1	1	HDZ-180-E1	2024-04-15	26	MB	Quick-DNA Fecal/Soil Microbe	HDZ Loris DNA Extracts Box 2	
HDZ-181	2023-12-10	yes	Culi	1	1	HDZ-181-E1	2024-04-15	33	MB	Quick-DNA Fecal/Soil Microbe	HDZ Loris DNA Extracts Box 2	
HDZ-182	2023-12-08	yes	Culi	1	1	HDZ-182-E1	2024-04-15	13	MB	Quick-DNA Fecal/Soil Microbe	HDZ Loris DNA Extracts Box 2	
HDZ-183	2023-12-07	yes	Warble	1	1	HDZ-183-E1	2024-04-15	41	MB	Quick-DNA Fecal/Soil Microbe	HDZ Loris DNA Extracts Box 2	
HDZ-184	2023-12-07	yes	Culi	1	1	HDZ-184-E1	2024-04-15	53	MB	Quick-DNA Fecal/Soil Microbe	HDZ Loris DNA Extracts Box 2	
HDZ-186	2023-12-06	yes	Warble	1	1	HDZ-186-E1	2024-04-15	33	MB	Quick-DNA Fecal/Soil Microbe	HDZ Loris DNA Extracts Box 2	
HDZ-187	2023-12-06	yes	Culi	1	1	HDZ-187-E1	2024-04-15	32	MB	Quick-DNA Fecal/Soil Microbe	HDZ Loris DNA Extracts Box 2	
HDZ-188	2023-12-05	yes	Warble	1	1	HDZ-188-E1	2024-04-15	24	MB	Quick-DNA Fecal/Soil Microbe	HDZ Loris DNA Extracts Box 2	
HDZ-189	2024-06-06	yes	Warble	1	1	HDZ-189-E1	2024-07-26	68	SA	Quick-DNA Fecal/Soil Microbe	HDZ Loris DNA Extracts Box 4	
HDZ-190	2024-01-06	yes	Culi	1	1	HDZ-190-E1	2024-04-15	20	MB	Quick-DNA Fecal/Soil Microbe	HDZ Loris DNA Extracts Box 2	
HDZ-191	2024-01-07	yes	Warble	1	1	HDZ-191-E1	2024-04-15	18	MB	Quick-DNA Fecal/Soil Microbe	HDZ Loris DNA Extracts Box 2	
HDZ-192	2024-01-07	yes	Culi	1	1	HDZ-192-E1	2024-04-15	33	MB	Quick-DNA Fecal/Soil Microbe	HDZ Loris DNA Extracts Box 2	
HDZ-193	2024-01-06	yes	Warble	1	1	HDZ-193-E1	2024-05-20	26	SA	Quick-DNA Fecal/Soil Microbe	HDZ Loris DNA Extracts Box 3	
HDZ-194	2024-02-02	yes	Warble	1	1	HDZ-194-E1	2024-05-20	53	SA	Quick-DNA Fecal/Soil Microbe	HDZ Loris DNA Extracts Box 3	
HDZ-195	2023-12-09	yes	Warble	1	1	HDZ-195-E1	2024-05-20	61	SA	Quick-DNA Fecal/Soil Microbe	HDZ Loris DNA Extracts Box 3	
HDZ-196	2024-02-05	yes	Culi	1	1	HDZ-196-E1	2024-05-20	33	SA	Quick-DNA Fecal/Soil Microbe	HDZ Loris DNA Extracts Box 3	
HDZ-197	2024-02-04	yes	Culi	1	1	HDZ-197-E1	2024-05-20	58	SA	Quick-DNA Fecal/Soil Microbe	HDZ Loris DNA Extracts Box 3	
HDZ-198	2024-02-08	yes	Culi	1	1	HDZ-198-E1	2024-05-20	70	SA	Quick-DNA Fecal/Soil Microbe	HDZ Loris DNA Extracts Box 3	
HDZ-199	2024-02-06	yes	Warble	1	1	HDZ-199-E1	2024-05-20	52	SA	Quick-DNA Fecal/Soil Microbe	HDZ Loris DNA Extracts Box 3	
HDZ-200	2024-02-03	yes	Warble	1	1	HDZ-200-E1	2024-05-30	36	SA/ZE	Quick-DNA Fecal/Soil Microbe	HDZ Loris DNA Extracts Box 3	
HDZ-201	2024-02-03	yes	Culi	1	1	HDZ-201-E1	2024-05-30	100	SA/ZE	Quick-DNA Fecal/Soil Microbe	HDZ Loris DNA Extracts Box 3	
HDZ-202	2024-01-27	yes	Culi	1	1	HDZ-202-E1	2024-05-30	100	SA/ZE	Quick-DNA Fecal/Soil Microbe	HDZ Loris DNA Extracts Box 3	
HDZ-203	2024-01-26	yes	Culi	1	1	HDZ-203-E1	2024-06-13	70	AS	Quick-DNA Fecal/Soil Microbe	HDZ Loris DNA Extracts Box 3	
HDZ-204	2024-01-29	yes	Culi	1	1	HDZ-204-E1	2024-06-13	43	AS	Quick-DNA Fecal/Soil Microbe	HDZ Loris DNA Extracts Box 3	
HDZ-205	2024-01-29	yes	Warble	1	1	HDZ-205-E1	2024-06-13	21	AS	Quick-DNA Fecal/Soil Microbe	HDZ Loris DNA Extracts Box 3	
HDZ-206	2024-01-30	no	Unknown	1	1	HDZ-206-E1	2024-06-13	48	AS	Quick-DNA Fecal/Soil Microbe	HDZ Loris DNA Extracts Box 3	
HDZ-207	2024-01-27	yes	Warble	1	1	HDZ-207-E1	2024-06-13	12	AS	Quick-DNA Fecal/Soil Microbe	HDZ Loris DNA Extracts Box 3	
HDZ-208	2024-01-30	yes	Warble	1	1	HDZ-208-E1	2024-06-13	11	AS	Quick-DNA Fecal/Soil Microbe	HDZ Loris DNA Extracts Box 3	
HDZ-209	2024-01-26	yes	Warble	1	1	HDZ-209-E1	2024-06-06	40	AS	Quick-DNA Fecal/Soil Microbe	HDZ Loris DNA Extracts Box 3	
HDZ-210	2024-03-14	yes	Warble	1	1	HDZ-210-E1	2024-06-06	38	AS	Quick-DNA Fecal/Soil Microbe	HDZ Loris DNA Extracts Box 3	
HDZ-211	2024-03-22	yes	Culi	1	1	HDZ-211-E1	2024-06-06	24	AS	Quick-DNA Fecal/Soil Microbe	HDZ Loris DNA Extracts Box 3	
HDZ-212	2024-03-27	yes	Warble	1	1	HDZ-212-E1	2024-06-06	42	AS	Quick-DNA Fecal/Soil Microbe	HDZ Loris DNA Extracts Box 3	
HDZ-213	2024-03-31	no	Unknown	1	1	HDZ-213-E1	2024-06-14	31	AS	Quick-DNA Fecal/Soil Microbe	HDZ Loris DNA Extracts Box 3	
HDZ-214	2024-06-02	yes	Warble	1	1	HDZ-214-E1	2024-07-26	43	SA	Quick-DNA Fecal/Soil Microbe	HDZ Loris DNA Extracts Box 4	
HDZ-215	2024-03-27	yes	Culi	1	1	HDZ-215-E1	2024-06-14	11	AS	Quick-DNA Fecal/Soil Microbe	HDZ Loris DNA Extracts Box 3	
HDZ-217	2024-03-26	yes	Warble	1	1	HDZ-217-E1	2024-05-02	72	WJ	Quick-DNA Fecal/Soil Microbe	HDZ Loris DNA Extracts Box 2	
HDZ-218	2024-03-21	yes	Warble	1	1	HDZ-218-E1	2024-05-02	58	WJ	Quick-DNA Fecal/Soil Microbe	HDZ Loris DNA Extracts Box 2	
HDZ-219	2024-03-16	yes	Culi	1	1	HDZ-219-E1	2024-05-02	37	WJ	Quick-DNA Fecal/Soil Microbe	HDZ Loris DNA Extracts Box 2	
HDZ-220	2024-03-17	yes	Culi	1	1	HDZ-220-E1	2024-05-02	42	WJ	Quick-DNA Fecal/Soil Microbe	HDZ Loris DNA Extracts Box 2	
HDZ-221	2024-03-14	yes	Culi	1	1	HDZ-221-E1	2024-05-02	76	WJ	Quick-DNA Fecal/Soil Microbe	HDZ Loris DNA Extracts Box 2	
HDZ-222	2024-03-02	yes	Culi	1	1	HDZ-222-E1	2024-06-06	8.5	SA/ZE	Quick-DNA Fecal/Soil Microbe	HDZ Loris DNA Extracts Box 3	
HDZ-223	2024-03-25	yes	Warble	1	1	HDZ-223-E1	2024-06-20	77	ZE	Quick-DNA Fecal/Soil Microbe	HDZ Loris DNA Extracts Box 3	
HDZ-224	2024-03-25	yes	Culi	1	1	HDZ-224-E1	2024-06-20	66	ZE	Quick-DNA Fecal/Soil Microbe	HDZ Loris DNA Extracts Box 3	
HDZ-226	2024-03-30	yes	Culi	1	1	HDZ-226-E1	2024-06-20	42	ZE	Quick-DNA Fecal/Soil Microbe	HDZ Loris DNA Extracts Box 3	
HDZ-227	2024-03-29	yes	Culi	1	1	HDZ-227-E1	2024-06-27	44	ZE	Quick-DNA Fecal/Soil Microbe	HDZ Loris DNA Extracts Box 3	
HDZ-228	2024-03-27	yes	Warble	1	1	HDZ-228-E1	2024-06-27	67	ZE	Quick-DNA Fecal/Soil Microbe	HDZ Loris DNA Extracts Box 3	
HDZ-229	2024-03-21	yes	Culi	1	1	HDZ-229-E1	2024-06-27	96	ZE	Quick-DNA Fecal/Soil Microbe	HDZ Loris DNA Extracts Box 3	
HDZ-230	2024-03-01	yes	Culi	1	1	HDZ-230-E1	2024-08-23	28	AS	Quick-DNA Fecal/Soil Microbe	HDZ Loris DNA Extracts Box 5	
HDZ-231	2024-02-29	yes	Culi	1	1	HDZ-231-E1	2024-08-23	33	AS	Quick-DNA Fecal/Soil Microbe	HDZ Loris DNA Extracts Box 5	
HDZ-232	2024-02-28	yes	Warble	1	1	HDZ-232-E1	2024-08-23	28	AS	Quick-DNA Fecal/Soil Microbe	HDZ Loris DNA Extracts Box 5	
HDZ-233	2024-02-28	yes	Culi	1	1	HDZ-233-E1	2024-08-23	35	ZE	Quick-DNA Fecal/Soil Microbe	HDZ Loris DNA Extracts Box 5	
HDZ-234	2024-02-07	yes	Warble	1	1	HDZ-234-E1	2024-08-23	72	ZE	Quick-DNA Fecal/Soil Microbe	HDZ Loris DNA Extracts Box 5	
HDZ-235	2024-02-07	yes	Culi	1	1	HDZ-235-E1	2024-08-23	41	ZE	Quick-DNA Fecal/Soil Microbe	HDZ Loris DNA Extracts Box 5	
HDZ-236	2024-02-27	yes	Culi	1	1	HDZ-236-E1	2024-08-23	49	ZE	Quick-DNA Fecal/Soil Microbe	HDZ Loris DNA Extracts Box 5	
HDZ-237	2024-02-08	yes	Warble	1	1	HDZ-237-E1	2024-08-26	54	SA	Quick-DNA Fecal/Soil Microbe	HDZ Loris DNA Extracts Box 6	
HDZ-238	2024-02-06	yes	Culi	1	1	HDZ-238-E1	2024-08-26	81	SA	Quick-DNA Fecal/Soil Microbe	HDZ Loris DNA Extracts Box 6	
HDZ-239	2024-02-05	yes	Warble	1	1	HDZ-239-E1	2024-08-26	39	SA	Quick-DNA Fecal/Soil Microbe	HDZ Loris DNA Extracts Box 6	
HDZ-240	2024-01-20	yes	Culi	1	1	HDZ-240-E1	2024-07-10	36	SA	Quick-DNA Fecal/Soil Microbe	HDZ Loris DNA Extracts Box 4	
HDZ-241	2024-02-23	yes	Culi	1	1	HDZ-241-E1	2024-07-10	53	SA	Quick-DNA Fecal/Soil Microbe	HDZ Loris DNA Extracts Box 4	
HDZ-242	2024-02-23	yes	Warble	1	1	HDZ-242-E1	2024-07-10	46	SA	Quick-DNA Fecal/Soil Microbe	HDZ Loris DNA Extracts Box 4	
HDZ-243	2024-02-26	yes	Culi	1	1	HDZ-243-E1	2024-07-10	100	SA	Quick-DNA Fecal/Soil Microbe	HDZ Loris DNA Extracts Box 4	
HDZ-244	2024-02-27	yes	Warble	1	1	HDZ-244-E1	2024-07-10	62	SA	Quick-DNA Fecal/Soil Microbe	HDZ Loris DNA Extracts Box 4	
HDZ-245	2024-01-16	yes	Culi	1	1	HDZ-245-E1	2024-07-10	42	SA	Quick-DNA Fecal/Soil Microbe	HDZ Loris DNA Extracts Box 4	
HDZ-246	2024-01-18	yes	Warble	1	1	HDZ-246-E1	2024-07-10	29	SA	Quick-DNA Fecal/Soil Microbe	HDZ Loris DNA Extracts Box 4	
HDZ-247	2024-01-20	yes	Warble	1	1	HDZ-247-E1	2024-07-10	39	SA	Quick-DNA Fecal/Soil Microbe	HDZ Loris DNA Extracts Box 4	
HDZ-248	2024-01-21	yes	Warble	1	1	HDZ-248-E1	2024-07-10	42	SA	Quick-DNA Fecal/Soil Microbe	HDZ Loris DNA Extracts Box 4	
HDZ-249	2024-01-19	yes	Culi	1	1	HDZ-249-E1	2024-07-10	34	SA	Quick-DNA Fecal/Soil Microbe	HDZ Loris DNA Extracts Box 4	
HDZ-250	2024-01-21	yes	Culi	1	1	HDZ-250-E1	2024-07-10	38	SA	Quick-DNA Fecal/Soil Microbe	HDZ Loris DNA Extracts Box 4	
HDZ-251	2024-01-16	yes	Warble	1	1	HDZ-251-E1	2024-07-10	45	SA	Quick-DNA Fecal/Soil Microbe	HDZ Loris DNA Extracts Box 4	
HDZ-252	2024-01-18	yes	Culi	1	1	HDZ-252-E1	2024-07-10	57	SA	Quick-DNA Fecal/Soil Microbe	HDZ Loris DNA Extracts Box 4	
HDZ-253	2024-01-17	yes	Culi	1	1	HDZ-253-E1	2024-07-10	32	SA	Quick-DNA Fecal/Soil Microbe	HDZ Loris DNA Extracts Box 4	
HDZ-254	2024-02-02	yes	Culi	1	1	HDZ-254-E1	2024-07-10	41	SA	Quick-DNA Fecal/Soil Microbe	HDZ Loris DNA Extracts Box 4	
HDZ-255	2024-01-15	yes	Warble	0	0	HDZ-255-E1	2024-07-18	34	ZE	Quick-DNA Fecal/Soil Microbe	HDZ Loris DNA Extracts Box 4	Possibly contaminated
HDZ-256	2024-01-13	yes	Culi	0	0	HDZ-256-E1	2024-07-18	35	ZE	Quick-DNA Fecal/Soil Microbe	HDZ Loris DNA Extracts Box 4	Possibly contaminated
HDZ-257	2024-01-09	yes	Warble	0	0	HDZ-257-E1	2024-07-18	26	ZE	Quick-DNA Fecal/Soil Microbe	HDZ Loris DNA Extracts Box 4	Possibly contaminated
HDZ-258	2024-01-10	yes	Culi	1	1	HDZ-258-E1	2024-07-12	37	AS	Quick-DNA Fecal/Soil Microbe	HDZ Loris DNA Extracts Box 4	
HDZ-259	2024-01-13	yes	Warble	1	1	HDZ-259-E1	2024-07-12	52	AS	Quick-DNA Fecal/Soil Microbe	HDZ Loris DNA Extracts Box 4	
HDZ-260	2024-01-28	yes	Warble	1	1	HDZ-260-E1	2024-07-12	15	AS	Quick-DNA Fecal/Soil Microbe	HDZ Loris DNA Extracts Box 4	
HDZ-262	2024-01-24	yes	Culi	1	1	HDZ-262-E1	2024-07-15	38	ZE	Quick-DNA Fecal/Soil Microbe	HDZ Loris DNA Extracts Box 4	
HDZ-263	2024-01-09	no	Culi	1	1	HDZ-263-E1	2024-07-15	73	ZE	Quick-DNA Fecal/Soil Microbe	HDZ Loris DNA Extracts Box 4	
HDZ-264	2024-01-08	yes	Culi	1	1	HDZ-264-E1	2024-07-15	45	ZE	Quick-DNA Fecal/Soil Microbe	HDZ Loris DNA Extracts Box 4	
HDZ-265	2024-01-23	yes	Warble	1	1	HDZ-265-E1	2024-07-15	59	ZE	Quick-DNA Fecal/Soil Microbe	HDZ Loris DNA Extracts Box 4	
HDZ-266	2024-01-28	yes	Culi	1	1	HDZ-266-E1	2024-07-15	40	ZE	Quick-DNA Fecal/Soil Microbe	HDZ Loris DNA Extracts Box 4	
HDZ-267	2024-01-22	yes	Warble	1	1	HDZ-267-E1	2024-07-15	34	ZE	Quick-DNA Fecal/Soil Microbe	HDZ Loris DNA Extracts Box 4	
HDZ-268	2024-01-08	yes	Warble	1	1	HDZ-268-E1	2024-08-26	50	SA	Quick-DNA Fecal/Soil Microbe	HDZ Loris DNA Extracts Box 6	
HDZ-269	2024-01-14	yes	Culi	1	1	HDZ-269-E1	2024-08-26	1.8	SA	Quick-DNA Fecal/Soil Microbe	HDZ Loris DNA Extracts Box 6	
HDZ-270	2024-01-22	yes	Culi	1	1	HDZ-270-E1	2024-08-26	53	SA	Quick-DNA Fecal/Soil Microbe	HDZ Loris DNA Extracts Box 6	
HDZ-271	2024-01-25	yes	Culi	1	1	HDZ-271-E1	2024-08-26	51	SA	Quick-DNA Fecal/Soil Microbe	HDZ Loris DNA Extracts Box 6	
HDZ-272	2024-01-21	yes	Culi	1	1	HDZ-272-E1	2024-08-26	39	SA	Quick-DNA Fecal/Soil Microbe	HDZ Loris DNA Extracts Box 6	
HDZ-273	2024-01-23	yes	Culi	1	1	HDZ-273-E1	2024-08-26	24	SA	Quick-DNA Fecal/Soil Microbe	HDZ Loris DNA Extracts Box 6	
HDZ-274	2024-01-15	yes	Culi	1	1	HDZ-274-E1	2024-08-26	40	SA	Quick-DNA Fecal/Soil Microbe	HDZ Loris DNA Extracts Box 6	
HDZ-301	2024-02-22	yes	Culi	1	1	HDZ-301-E1	2024-06-14	9.2	SA/EK	Quick-DNA Fecal/Soil Microbe	HDZ Loris DNA Extracts Box 3	
HDZ-302	2024-02-25	yes	Warble	1	1	HDZ-302-E1	2024-06-14	18	SA/EK	Quick-DNA Fecal/Soil Microbe	HDZ Loris DNA Extracts Box 3	
HDZ-303	2024-02-13	yes	Warble	1	1	HDZ-303-E1	2024-06-14	16	SA/EK	Quick-DNA Fecal/Soil Microbe	HDZ Loris DNA Extracts Box 3	
HDZ-304	2024-02-15	yes	Warble	1	1	HDZ-304-E1	2024-06-14	1.3	AS	Quick-DNA Fecal/Soil Microbe	HDZ Loris DNA Extracts Box 3	
HDZ-305	2024-02-19	yes	Culi	1	1	HDZ-305-E1	2024-06-14	40	AS	Quick-DNA Fecal/Soil Microbe	HDZ Loris DNA Extracts Box 3	
HDZ-306	2024-02-11	yes	Warble	1	1	HDZ-306-E1	2024-06-14	4.3	AS	Quick-DNA Fecal/Soil Microbe	HDZ Loris DNA Extracts Box 3	
HDZ-307	2024-02-09	yes	Warble	1	1	HDZ-307-E1	2024-06-18	19	SA	Quick-DNA Fecal/Soil Microbe	HDZ Loris DNA Extracts Box 3	
HDZ-308	2024-02-15	yes	Culi	1	1	HDZ-308-E1	2024-06-18	37	SA	Quick-DNA Fecal/Soil Microbe	HDZ Loris DNA Extracts Box 3	
HDZ-309	2024-02-29	yes	Warble	1	1	HDZ-309-E1	2024-06-18	49	SA	Quick-DNA Fecal/Soil Microbe	HDZ Loris DNA Extracts Box 3	
HDZ-310	2024-02-20	yes	Culi	1	1	HDZ-310-E1	2024-06-18	45	ZE	Quick-DNA Fecal/Soil Microbe	HDZ Loris DNA Extracts Box 3	
HDZ-311	2024-12-14	yes	Culi	1	1	HDZ-311-E1	2024-06-18	46	ZE	Quick-DNA Fecal/Soil Microbe	HDZ Loris DNA Extracts Box 3	
HDZ-312	2024-02-14	yes	Warble	1	1	HDZ-312-E1	2024-06-18	33	ZE	Quick-DNA Fecal/Soil Microbe	HDZ Loris DNA Extracts Box 3	
HDZ-313	2024-02-16	yes	Warble	1	1	HDZ-313-E1	2024-06-20	45	AS	Quick-DNA Fecal/Soil Microbe	HDZ Loris DNA Extracts Box 3	
HDZ-314	2024-02-16	yes	Culi	1	1	HDZ-314-E1	2024-06-20	11	AS	Quick-DNA Fecal/Soil Microbe	HDZ Loris DNA Extracts Box 3	
HDZ-315	2024-02-10	yes	Warble	1	1	HDZ-315-E1	2024-06-20	39	AS	Quick-DNA Fecal/Soil Microbe	HDZ Loris DNA Extracts Box 3	
HDZ-316	2024-03-24	yes	Warble	1	1	HDZ-316-E1	2024-08-08	79	ZE	Quick-DNA Fecal/Soil Microbe	HDZ Loris DNA Extracts Box 5	
HDZ-317	2024-02-13	yes	Culi	1	1	HDZ-317-E1	2024-07-11	11	AS	Quick-DNA Fecal/Soil Microbe	HDZ Loris DNA Extracts Box 4	
HDZ-318	2024-02-11	yes	Culi	1	1	HDZ-318-E1	2024-07-11	18	AS	Quick-DNA Fecal/Soil Microbe	HDZ Loris DNA Extracts Box 4	
HDZ-319	2024-02-17	yes	Culi	1	1	HDZ-319-E1	2024-07-11	26	AS	Quick-DNA Fecal/Soil Microbe	HDZ Loris DNA Extracts Box 4	
HDZ-320	2024-02-21	yes	Culi	1	1	HDZ-320-E1	2024-06-27	88	AS	Quick-DNA Fecal/Soil Microbe	HDZ Loris DNA Extracts Box 3	
HDZ-321	2024-03-10	yes	Culi	1	1	HDZ-321-E1	2024-06-27	29	AS	Quick-DNA Fecal/Soil Microbe	HDZ Loris DNA Extracts Box 3	
HDZ-322	2024-03-03	yes	Culi	1	1	HDZ-322-E1	2024-06-27	1.2	AS	Quick-DNA Fecal/Soil Microbe	HDZ Loris DNA Extracts Box 3	
HDZ-323	2024-01-17	yes	Warble	1	1	HDZ-323-E1	2024-06-28	34	AS	Quick-DNA Fecal/Soil Microbe	HDZ Loris DNA Extracts Box 3	
HDZ-324	2024-02-18	yes	Culi	1	1	HDZ-324-E1	2024-06-28	23	AS	Quick-DNA Fecal/Soil Microbe	HDZ Loris DNA Extracts Box 3	
HDZ-325	2024-02-22	yes	Warble	1	1	HDZ-325-E1	2024-06-28	37	AS	Quick-DNA Fecal/Soil Microbe	HDZ Loris DNA Extracts Box 3	
HDZ-326	2024-02-09	yes	Culi	1	1	HDZ-326-E1	2024-06-28	37	AS	Quick-DNA Fecal/Soil Microbe	HDZ Loris DNA Extracts Box 3	
HDZ-327	2024-02-25	yes	Culi	1	1	HDZ-327-E1	2024-06-28	13	AS	Quick-DNA Fecal/Soil Microbe	HDZ Loris DNA Extracts Box 3	
HDZ-328	2024-02-24	yes	Culi	1	1	HDZ-328-E1	2024-06-28	34	AS	Quick-DNA Fecal/Soil Microbe	HDZ Loris DNA Extracts Box 3	
HDZ-329	2024-02-18	yes	Warble	1	1	HDZ-329-E1	2024-08-28	66	SA	Quick-DNA Fecal/Soil Microbe	HDZ Loris DNA Extracts Box 6	
HDZ-330	2024-02-10	yes	Culi	1	1	HDZ-330-E1	2024-08-28	45	SA	Quick-DNA Fecal/Soil Microbe	HDZ Loris DNA Extracts Box 6	
HDZ-331	2024-02-12	yes	Warble	1	1	HDZ-331-E1	2024-08-28	32	SA	Quick-DNA Fecal/Soil Microbe	HDZ Loris DNA Extracts Box 6	
HDZ-332	2024-02-21	yes	Warble	1	1	HDZ-332-E1	2024-07-12	27	EK	Quick-DNA Fecal/Soil Microbe	HDZ Loris DNA Extracts Box 4	
HDZ-333	2024-02-19	yes	Warble	1	1	HDZ-333-E1	2024-07-12	69	EK	Quick-DNA Fecal/Soil Microbe	HDZ Loris DNA Extracts Box 4	
HDZ-334	2024-02-24	yes	Warble	1	1	HDZ-334-E1	2024-08-28	37	SA	Quick-DNA Fecal/Soil Microbe	HDZ Loris DNA Extracts Box 6	
HDZ-335	2024-02-20	yes	Warble	1	1	HDZ-335-E1	2024-07-12	28	EK	Quick-DNA Fecal/Soil Microbe	HDZ Loris DNA Extracts Box 4	
HDZ-336	2024-02-12	yes	Culi	1	1	HDZ-336-E1	2024-07-11	52	ZE	Quick-DNA Fecal/Soil Microbe	HDZ Loris DNA Extracts Box 4	
HDZ-337	2024-03-08	yes	Warble	1	1	HDZ-337-E1	2024-07-11	43	ZE	Quick-DNA Fecal/Soil Microbe	HDZ Loris DNA Extracts Box 4	
HDZ-338	2024-03-10	yes	Warble	1	1	HDZ-338-E1	2024-07-11	69	ZE	Quick-DNA Fecal/Soil Microbe	HDZ Loris DNA Extracts Box 4	
HDZ-339	2024-03-08	yes	Culi	1	1	HDZ-339-E1	2024-08-09	76	AS	Quick-DNA Fecal/Soil Microbe	HDZ Loris DNA Extracts Box 5	
HDZ-340	2024-03-18	yes	Warble	1	1	HDZ-340-E1	2024-08-28	35	SA	Quick-DNA Fecal/Soil Microbe	HDZ Loris DNA Extracts Box 6	
HDZ-341	2024-03-20	yes	Culi	1	1	HDZ-341-E1	2024-07-18	57	AS	Quick-DNA Fecal/Soil Microbe	HDZ Loris DNA Extracts Box 4	
HDZ-342	2024-03-09	yes	Culi	1	1	HDZ-342-E1	2024-07-18	47	AS	Quick-DNA Fecal/Soil Microbe	HDZ Loris DNA Extracts Box 4	
HDZ-343	2024-03-11	yes	Warble	1	1	HDZ-343-E1	2024-07-18	51	AS	Quick-DNA Fecal/Soil Microbe	HDZ Loris DNA Extracts Box 4	
HDZ-344	2024-03-09	yes	Warble	1	1	HDZ-344-E1	2024-08-26	28	SA	Quick-DNA Fecal/Soil Microbe	HDZ Loris DNA Extracts Box 6	
HDZ-345	2024-03-13	yes	Culi	1	1	HDZ-345-E1	2024-08-08	69	ZE	Quick-DNA Fecal/Soil Microbe	HDZ Loris DNA Extracts Box 5	
HDZ-346	2024-03-13	yes	Warble	1	1	HDZ-346-E1	2024-08-26	26	SA	Quick-DNA Fecal/Soil Microbe	HDZ Loris DNA Extracts Box 6	
HDZ-347	2024-03-11	yes	Culi	1	1	HDZ-347-E1	2024-08-26	32	SA	Quick-DNA Fecal/Soil Microbe	HDZ Loris DNA Extracts Box 6	
HDZ-348	2024-03-18	yes	Culi	1	1	HDZ-348-E1	2024-08-08	33	ZE	Quick-DNA Fecal/Soil Microbe	HDZ Loris DNA Extracts Box 5	
HDZ-349	2024-03-20	yes	Warble	1	1	HDZ-349-E1	2024-07-19	86	AS	Quick-DNA Fecal/Soil Microbe	HDZ Loris DNA Extracts Box 4	
HDZ-350	2024-03-24	yes	Culi	1	1	HDZ-350-E1	2024-07-19	8.4	AS	Quick-DNA Fecal/Soil Microbe	HDZ Loris DNA Extracts Box 4	
HDZ-351	2024-04-16	yes	Warble	1	1	HDZ-351-E1	2024-07-10	1.8	AS	Quick-DNA Fecal/Soil Microbe	HDZ Loris DNA Extracts Box 4	
HDZ-352	2024-04-16	yes	Culi	1	1	HDZ-352-E1	2024-07-10	22	AS	Quick-DNA Fecal/Soil Microbe	HDZ Loris DNA Extracts Box 4	
HDZ-353	2024-04-17	yes	Culi	0	0	HDZ-353-E1	2024-07-10	0.4	AS	Quick-DNA Fecal/Soil Microbe	HDZ Loris DNA Extracts Box 4	
HDZ-354	2024-04-19	yes	Culi	1	1	HDZ-354-E1	2024-07-10	34	AS	Quick-DNA Fecal/Soil Microbe	HDZ Loris DNA Extracts Box 4	
HDZ-355	2024-04-20	yes	Warble	1	1	HDZ-355-E1	2024-07-22	33	ZE	Quick-DNA Fecal/Soil Microbe	HDZ Loris DNA Extracts Box 4	
HDZ-356	2024-04-26	yes	Warble	1	1	HDZ-356-E1	2024-07-22	31	ZE	Quick-DNA Fecal/Soil Microbe	HDZ Loris DNA Extracts Box 4	
HDZ-357	2024-04-14	yes	Culi	1	1	HDZ-357-E1	2024-07-22	13	ZE	Quick-DNA Fecal/Soil Microbe	HDZ Loris DNA Extracts Box 4	
HDZ-358	2024-04-15	yes	Culi	1	1	HDZ-358-E1	2024-07-22	48	ZE	Quick-DNA Fecal/Soil Microbe	HDZ Loris DNA Extracts Box 4	
HDZ-359	2024-04-15	yes	Warble	1	1	HDZ-359-E1	2024-07-22	33	ZE	Quick-DNA Fecal/Soil Microbe	HDZ Loris DNA Extracts Box 4	
HDZ-360	2024-04-22	yes	Warble	1	1	HDZ-360-E1	2024-07-22	48	ZE	Quick-DNA Fecal/Soil Microbe	HDZ Loris DNA Extracts Box 4	
HDZ-361	2024-04-20	yes	Culi	1	1	HDZ-361-E1	2024-07-22	68	ZE	Quick-DNA Fecal/Soil Microbe	HDZ Loris DNA Extracts Box 4	
HDZ-362	2024-04-25	yes	Culi	1	1	HDZ-362-E1	2024-08-07	28	SA	Quick-DNA Fecal/Soil Microbe	HDZ Loris DNA Extracts Box 5	
HDZ-363	2024-04-10	yes	Culi	1	1	HDZ-363-E1	2024-08-07	39	SA	Quick-DNA Fecal/Soil Microbe	HDZ Loris DNA Extracts Box 5	
HDZ-364	2024-04-12	yes	Culi	1	1	HDZ-364-E1	2024-08-07	73	SA	Quick-DNA Fecal/Soil Microbe	HDZ Loris DNA Extracts Box 5	
HDZ-365	2024-04-13	yes	Culi	1	1	HDZ-365-E1	2024-08-07	55	SA	Quick-DNA Fecal/Soil Microbe	HDZ Loris DNA Extracts Box 5	
HDZ-366	2024-04-13	yes	Warble	1	1	HDZ-366-E1	2024-08-07	46	SA	Quick-DNA Fecal/Soil Microbe	HDZ Loris DNA Extracts Box 5	
HDZ-367	2024-04-19	yes	Warble	1	1	HDZ-367-E1	2024-08-07	47	SA	Quick-DNA Fecal/Soil Microbe	HDZ Loris DNA Extracts Box 5	
HDZ-368	2024-04-24	yes	Culi	1	1	HDZ-368-E1	2024-08-08	16	AS	Quick-DNA Fecal/Soil Microbe	HDZ Loris DNA Extracts Box 5	
HDZ-369	2024-04-05	yes	Warble	1	1	HDZ-369-E1	2024-08-08	20	AS	Quick-DNA Fecal/Soil Microbe	HDZ Loris DNA Extracts Box 5	
HDZ-370	2024-04-04	yes	Culi	1	1	HDZ-370-E1	2024-08-08	55	AS	Quick-DNA Fecal/Soil Microbe	HDZ Loris DNA Extracts Box 5	
HDZ-371	2024-04-04	yes	Warble	1	1	HDZ-371-E1	2024-08-07	22	SA	Quick-DNA Fecal/Soil Microbe	HDZ Loris DNA Extracts Box 5	
HDZ-372	2024-04-06	yes	Culi	1	1	HDZ-372-E1	2024-08-07	26	SA	Quick-DNA Fecal/Soil Microbe	HDZ Loris DNA Extracts Box 5	
HDZ-373	2024-03-08	yes	Culi	1	1	HDZ-373-E1	2024-08-07	11	SA	Quick-DNA Fecal/Soil Microbe	HDZ Loris DNA Extracts Box 5	
HDZ-374	2024-04-22	yes	Warble	1	1	HDZ-374-E1	2024-08-22	56	ZE	Quick-DNA Fecal/Soil Microbe	HDZ Loris DNA Extracts Box 5	
HDZ-375	2024-04-05	yes	Culi	1	1	HDZ-375-E1	2024-08-22	36	ZE	Quick-DNA Fecal/Soil Microbe	HDZ Loris DNA Extracts Box 5	
HDZ-376	2024-04-03	yes	Warble	1	1	HDZ-376-E1	2024-08-22	48	ZE	Quick-DNA Fecal/Soil Microbe	HDZ Loris DNA Extracts Box 5	
HDZ-377	2024-04-03	yes	Culi	1	1	HDZ-377-E1	2024-08-22	38	AS	Quick-DNA Fecal/Soil Microbe	HDZ Loris DNA Extracts Box 5	
HDZ-378	2024-04-06	yes	Warble	1	1	HDZ-378-E1	2024-08-22	14	AS	Quick-DNA Fecal/Soil Microbe	HDZ Loris DNA Extracts Box 5	
HDZ-379	2024-04-12	yes	Warble	1	1	HDZ-379-E1	2024-08-22	57	AS	Quick-DNA Fecal/Soil Microbe	HDZ Loris DNA Extracts Box 5	
HDZ-380	2024-04-23	yes	Warble	1	1	HDZ-380-E1	2024-08-22	15	AS	Quick-DNA Fecal/Soil Microbe	HDZ Loris DNA Extracts Box 5	
HDZ-381	2024-04-07	yes	Culi	1	1	HDZ-381-E1	2024-08-23	13	SA	Quick-DNA Fecal/Soil Microbe	HDZ Loris DNA Extracts Box 5	
HDZ-382	2024-03-09	yes	Warble	1	1	HDZ-382-E1	2024-08-23	9.7	SA	Quick-DNA Fecal/Soil Microbe	HDZ Loris DNA Extracts Box 5	
HDZ-383	2024-03-09	yes	Culi	1	1	HDZ-383-E1	2024-08-19	30	SA	Quick-DNA Fecal/Soil Microbe	HDZ Loris DNA Extracts Box 5	
HDZ-384	2024-03-11	yes	Culi	1	1	HDZ-384-E1	2024-08-19	41	SA	Quick-DNA Fecal/Soil Microbe	HDZ Loris DNA Extracts Box 5	
HDZ-385	2024-03-14	yes	Warble	1	1	HDZ-385-E1	2024-08-19	87	SA	Quick-DNA Fecal/Soil Microbe	HDZ Loris DNA Extracts Box 5	
HDZ-386	2024-04-22	yes	Culi	1	1	HDZ-386-E1	2024-08-19	33	SA	Quick-DNA Fecal/Soil Microbe	HDZ Loris DNA Extracts Box 5	
HDZ-387	2024-04-01	yes	Warble	1	1	HDZ-387-E1	2024-08-19	46	SA	Quick-DNA Fecal/Soil Microbe	HDZ Loris DNA Extracts Box 5	
HDZ-388	2024-04-01	yes	Culi	1	1	HDZ-388-E1	2024-08-19	63	SA	Quick-DNA Fecal/Soil Microbe	HDZ Loris DNA Extracts Box 5	
HDZ-389	2024-03-04	yes	Culi	1	1	HDZ-389-E1	2024-08-19	84	SA	Quick-DNA Fecal/Soil Microbe	HDZ Loris DNA Extracts Box 5	
HDZ-390	2024-03-26	yes	Culi	1	1	HDZ-390-E1	2024-08-19	18	SA	Quick-DNA Fecal/Soil Microbe	HDZ Loris DNA Extracts Box 5	
HDZ-391	2024-03-23	yes	Warble	1	1	HDZ-391-E1	2024-08-19	45	SA	Quick-DNA Fecal/Soil Microbe	HDZ Loris DNA Extracts Box 5	
HDZ-392	2024-03-19	yes	Culi	1	1	HDZ-392-E1	2024-08-19	7.3	SA	Quick-DNA Fecal/Soil Microbe	HDZ Loris DNA Extracts Box 5	
HDZ-393	2024-03-17	yes	Warble	1	1	HDZ-393-E1	2024-08-19	29	SA	Quick-DNA Fecal/Soil Microbe	HDZ Loris DNA Extracts Box 5	
HDZ-394	2024-02-01	yes	Culi	1	1	HDZ-394-E1	2024-08-19	52	SA	Quick-DNA Fecal/Soil Microbe	HDZ Loris DNA Extracts Box 5	
HDZ-395	2024-03-05	yes	Culi	1	1	HDZ-395-E1	2024-08-19	65	SA	Quick-DNA Fecal/Soil Microbe	HDZ Loris DNA Extracts Box 5	
HDZ-396	2024-03-12	yes	Culi	1	1	HDZ-396-E1	2024-08-19	30	SA	Quick-DNA Fecal/Soil Microbe	HDZ Loris DNA Extracts Box 5	
HDZ-397	2024-03-07	no	Unknown	1	1	HDZ-397-E1	2024-08-19	80	SA	Quick-DNA Fecal/Soil Microbe	HDZ Loris DNA Extracts Box 5	
HDZ-398	2024-03-07	yes	Culi	1	1	HDZ-398-E1	2024-08-23	21	SA	Quick-DNA Fecal/Soil Microbe	HDZ Loris DNA Extracts Box 5	
HDZ-399	2024-03-06	yes	Warble	1	1	HDZ-399-E1	2024-08-23	40	SA	Quick-DNA Fecal/Soil Microbe	HDZ Loris DNA Extracts Box 5	
HDZ-400	2024-03-06	yes	Culi	1	1	HDZ-400-E1	2024-08-23	44	SA	Quick-DNA Fecal/Soil Microbe	HDZ Loris DNA Extracts Box 5	
HDZ-401	2024-04-02	yes	Culi	1	1	HDZ-401-E1	2024-08-23	30	SA	Quick-DNA Fecal/Soil Microbe	HDZ Loris DNA Extracts Box 5	
HDZ-402	2024-03-31	yes	Warble	1	1	HDZ-402-E1	2024-08-23	20	SA	Quick-DNA Fecal/Soil Microbe	HDZ Loris DNA Extracts Box 5	
HDZ-403	2024-03-30	yes	Warble	1	1	HDZ-403-E1	2024-08-23	4.1	SA	Quick-DNA Fecal/Soil Microbe	HDZ Loris DNA Extracts Box 5	
HDZ-405	2024-03-23	yes	Culi	1	1	HDZ-405-E1	2024-08-23	39	SA	Quick-DNA Fecal/Soil Microbe	HDZ Loris DNA Extracts Box 5	
HDZ-406	2024-03-22	yes	Warble	1	1	HDZ-406-E1	2024-08-23	38	SA	Quick-DNA Fecal/Soil Microbe	HDZ Loris DNA Extracts Box 5	
HDZ-407	2024-03-15	yes	Warble	1	1	HDZ-407-E1	2024-08-23	18	SA	Quick-DNA Fecal/Soil Microbe	HDZ Loris DNA Extracts Box 5	
HDZ-408	2024-03-15	yes	Culi	1	1	HDZ-408-E1	2024-08-23	63	SA	Quick-DNA Fecal/Soil Microbe	HDZ Loris DNA Extracts Box 5	
HDZ-409	2024-03-12	yes	Warble	1	1	HDZ-409-E1	2024-08-23	30	SA	Quick-DNA Fecal/Soil Microbe	HDZ Loris DNA Extracts Box 5	
HDZ-410	2024-02-26	yes	Warble	1	1	HDZ-410-E1	2024-09-06	62	AS	Quick-DNA Fecal/Soil Microbe	HDZ Loris DNA Extracts Box 6	
HDZ-411	2024-02-01	yes	Warble	1	1	HDZ-411-E1	2024-09-06	45	AS	Quick-DNA Fecal/Soil Microbe	HDZ Loris DNA Extracts Box 6	
HDZ-412	2024-07-01	yes	Warble	1	1	HDZ-412-E1	2024-08-27	44	ZE	Quick-DNA Fecal/Soil Microbe	HDZ Loris DNA Extracts Box 6	
HDZ-413	2024-06-30	yes	Warble	1	1	HDZ-413-E1	2024-08-27	72	ZE	Quick-DNA Fecal/Soil Microbe	HDZ Loris DNA Extracts Box 6	
HDZ-414	2024-06-26	yes	Warble	1	1	HDZ-414-E1	2024-08-27	88	ZE	Quick-DNA Fecal/Soil Microbe	HDZ Loris DNA Extracts Box 6	
HDZ-415	2024-06-24	no	Warble	1	1	HDZ-415-E1	2024-07-26	98	SA	Quick-DNA Fecal/Soil Microbe	HDZ Loris DNA Extracts Box 4	
HDZ-416	2024-06-21	yes	Warble	1	1	HDZ-416-E1	2024-07-26	45	SA	Quick-DNA Fecal/Soil Microbe	HDZ Loris DNA Extracts Box 4	
HDZ-417	2024-06-23	yes	Warble	1	1	HDZ-417-E1	2024-07-26	57	SA	Quick-DNA Fecal/Soil Microbe	HDZ Loris DNA Extracts Box 4	
HDZ-418	2024-06-27	yes	Warble	1	1	HDZ-418-E1	2024-08-30	63	AS	Quick-DNA Fecal/Soil Microbe	HDZ Loris DNA Extracts Box 6	
HDZ-419	2024-06-25	yes	Warble	1	1	HDZ-419-E1	2024-08-30	76	AS	Quick-DNA Fecal/Soil Microbe	HDZ Loris DNA Extracts Box 6	
HDZ-420	2024-06-19	yes	Warble	1	1	HDZ-420-E1	2024-07-26	71	SA	Quick-DNA Fecal/Soil Microbe	HDZ Loris DNA Extracts Box 4	
HDZ-421	2024-06-18	no	Unknown	1	1	HDZ-421-E1	2024-07-26	34	SA	Quick-DNA Fecal/Soil Microbe	HDZ Loris DNA Extracts Box 4	
HDZ-422	2024-06-16	yes	Warble	1	1	HDZ-422-E1	2024-07-26	107	SA	Quick-DNA Fecal/Soil Microbe	HDZ Loris DNA Extracts Box 4	
HDZ-423	2024-06-17	yes	Warble	1	1	HDZ-423-E1	2024-07-26	77	SA	Quick-DNA Fecal/Soil Microbe	HDZ Loris DNA Extracts Box 4	
HDZ-424	2024-05-13	yes	Warble	1	1	HDZ-424-E1	2024-08-06	43	SA	Quick-DNA Fecal/Soil Microbe	HDZ Loris DNA Extracts Box 5	
HDZ-425	2024-05-08	yes	Warble	1	1	HDZ-425-E1	2024-08-06	55	SA	Quick-DNA Fecal/Soil Microbe	HDZ Loris DNA Extracts Box 5	
HDZ-426	2024-05-08	yes	Culi	1	1	HDZ-426-E1	2024-08-06	41	SA	Quick-DNA Fecal/Soil Microbe	HDZ Loris DNA Extracts Box 5	
HDZ-427	2024-06-07	yes	Warble	1	1	HDZ-427-E1	2024-08-30	91	AS	Quick-DNA Fecal/Soil Microbe	HDZ Loris DNA Extracts Box 6	
HDZ-428	2024-06-12	yes	Warble	1	1	HDZ-428-E1	2024-09-04	32	ZE	Quick-DNA Fecal/Soil Microbe	HDZ Loris DNA Extracts Box 6	
HDZ-429	2024-06-16	no	Culi	1	1	HDZ-429-E1	2024-09-04	28	ZE	Quick-DNA Fecal/Soil Microbe	HDZ Loris DNA Extracts Box 6	
HDZ-430	2024-05-11	yes	Culi	1	1	HDZ-430-E1	2024-08-06	100	SA	Quick-DNA Fecal/Soil Microbe	HDZ Loris DNA Extracts Box 5	
HDZ-431	2024-05-07	yes	Warble	1	1	HDZ-431-E1	2024-08-06	21	SA	Quick-DNA Fecal/Soil Microbe	HDZ Loris DNA Extracts Box 5	
HDZ-432	2024-05-04	yes	Warble	1	1	HDZ-432-E1	2024-08-06	40	SA	Quick-DNA Fecal/Soil Microbe	HDZ Loris DNA Extracts Box 5	
HDZ-433	2024-05-07	yes	Culi	1	1	HDZ-433-E1	2024-08-06	52	SA	Quick-DNA Fecal/Soil Microbe	HDZ Loris DNA Extracts Box 5	
HDZ-434	2024-05-09	yes	Culi	1	1	HDZ-434-E1	2024-08-06	55	SA	Quick-DNA Fecal/Soil Microbe	HDZ Loris DNA Extracts Box 5	
HDZ-435	2024-06-11	yes	Warble	1	1	HDZ-435-E1	2024-09-04	79	ZE	Quick-DNA Fecal/Soil Microbe	HDZ Loris DNA Extracts Box 6	
HDZ-436	2024-06-04	yes	Warble	1	1	HDZ-436-E1	2024-09-04	78	ZE	Quick-DNA Fecal/Soil Microbe	HDZ Loris DNA Extracts Box 6	
HDZ-437	2024-05-04	yes	Culi	1	1	HDZ-437-E1	2024-08-06	72	SA	Quick-DNA Fecal/Soil Microbe	HDZ Loris DNA Extracts Box 5	
HDZ-438	2024-05-03	yes	Culi	1	1	HDZ-438-E1	2024-08-06	25	SA	Quick-DNA Fecal/Soil Microbe	HDZ Loris DNA Extracts Box 5	
HDZ-439	2024-05-03	yes	Warble	1	1	HDZ-439-E1	2024-08-06	50	SA	Quick-DNA Fecal/Soil Microbe	HDZ Loris DNA Extracts Box 5	
HDZ-440	2024-05-09	yes	Warble	1	1	HDZ-440-E1	2024-08-06	52	SA	Quick-DNA Fecal/Soil Microbe	HDZ Loris DNA Extracts Box 5	
HDZ-441	2024-06-09	yes	Warble	1	1	HDZ-441-E1	2024-08-28	44	SA	Quick-DNA Fecal/Soil Microbe	HDZ Loris DNA Extracts Box 6	
HDZ-442	2024-05-12	yes	Culi	1	1	HDZ-442-E1	2024-08-06	66	SA	Quick-DNA Fecal/Soil Microbe	HDZ Loris DNA Extracts Box 5	
HDZ-443	2024-05-12	yes	Warble	1	1	HDZ-443-E1	2024-08-06	45	SA	Quick-DNA Fecal/Soil Microbe	HDZ Loris DNA Extracts Box 5	
HDZ-444	2024-05-10	yes	Culi	1	1	HDZ-444-E1	2024-08-06	51	SA	Quick-DNA Fecal/Soil Microbe	HDZ Loris DNA Extracts Box 5	
HDZ-445	2024-05-13	yes	Culi	1	1	HDZ-445-E1	2024-08-15	91	AS	Quick-DNA Fecal/Soil Microbe	HDZ Loris DNA Extracts Box 5	
HDZ-446	2024-06-03	yes	Warble	1	1	HDZ-446-E1	2024-08-28	27	SA	Quick-DNA Fecal/Soil Microbe	HDZ Loris DNA Extracts Box 6	
HDZ-447	2024-06-05	yes	Warble	1	1	HDZ-447-E1	2024-08-28	58	SA	Quick-DNA Fecal/Soil Microbe	HDZ Loris DNA Extracts Box 6	
HDZ-448	2024-05-01	yes	Warble	1	1	HDZ-448-E1	2024-08-15	99	AS	Quick-DNA Fecal/Soil Microbe	HDZ Loris DNA Extracts Box 5	
HDZ-449	2024-04-30	yes	Warble	1	1	HDZ-449-E1	2024-08-15	9.8	AS	Quick-DNA Fecal/Soil Microbe	HDZ Loris DNA Extracts Box 5	
HDZ-450	2024-04-27	yes	Culi	1	1	HDZ-450-E1	2024-08-26	60	SA	Quick-DNA Fecal/Soil Microbe	HDZ Loris DNA Extracts Box 6	
HDZ-451	2024-04-27	yes	Warble	1	1	HDZ-451-E1	2024-08-28	32	SA	Quick-DNA Fecal/Soil Microbe	HDZ Loris DNA Extracts Box 6	
HDZ-452	2024-04-29	yes	Culi	1	1	HDZ-452-E1	2024-08-28	9.3	SA	Quick-DNA Fecal/Soil Microbe	HDZ Loris DNA Extracts Box 6	
HDZ-453	2024-04-29	yes	Warble	1	1	HDZ-453-E1	2024-08-28	48	SA	Quick-DNA Fecal/Soil Microbe	HDZ Loris DNA Extracts Box 6	
HDZ-454	2024-07-27	yes	Warble	1	1	HDZ-454-E1	2024-08-28	72	SA	Quick-DNA Fecal/Soil Microbe	HDZ Loris DNA Extracts Box 6	
HDZ-455	2024-07-24	yes	Warble	1	1	HDZ-455-E1	2024-08-28	25	SA	Quick-DNA Fecal/Soil Microbe	HDZ Loris DNA Extracts Box 6	
HDZ-456	2024-07-22	yes	Warble	1	1	HDZ-456-E1	2024-08-28	39	SA	Quick-DNA Fecal/Soil Microbe	HDZ Loris DNA Extracts Box 6	
HDZ-457	2024-07-21	yes	Warble	1	1	HDZ-457-E1	2024-08-28	66	SA	Quick-DNA Fecal/Soil Microbe	HDZ Loris DNA Extracts Box 6	
HDZ-458	2024-07-19	yes	Warble	1	1	HDZ-458-E1	2024-09-04	47	AS	Quick-DNA Fecal/Soil Microbe	HDZ Loris DNA Extracts Box 6	
HDZ-459	2024-07-18	yes	Warble	1	1	HDZ-459-E1	2024-09-04	88	AS	Quick-DNA Fecal/Soil Microbe	HDZ Loris DNA Extracts Box 6	
HDZ-460	2024-07-25	yes	Warble	1	1	HDZ-460-E1	2024-09-04	50	AS	Quick-DNA Fecal/Soil Microbe	HDZ Loris DNA Extracts Box 6	
HDZ-461	2024-07-20	yes	Warble	1	1	HDZ-461-E1	2024-09-12	19	ZE	Quick-DNA Fecal/Soil Microbe	HDZ Loris DNA Extracts Box 6	
HDZ-462	2024-07-14	no	Warble	1	1	HDZ-462-E1	2024-09-12	37	ZE	Quick-DNA Fecal/Soil Microbe	HDZ Loris DNA Extracts Box 6	
HDZ-463	2024-07-13	yes	Warble	1	1	HDZ-463-E1	2024-09-12	46	ZE	Quick-DNA Fecal/Soil Microbe	HDZ Loris DNA Extracts Box 6	
HDZ-464	2024-06-11	yes	Warble	1	1	HDZ-464-E1	2024-09-12	36	ZE	Quick-DNA Fecal/Soil Microbe	HDZ Loris DNA Extracts Box 6	
HDZ-465	2024-07-09	yes	Warble	1	1	HDZ-465-E1	2024-09-12	36	ZE	Quick-DNA Fecal/Soil Microbe	HDZ Loris DNA Extracts Box 6	
HDZ-466	2024-07-23	no	Warble	1	1	HDZ-466-E1	2024-09-13	46	AS	Quick-DNA Fecal/Soil Microbe	HDZ Loris DNA Extracts Box 6	
HDZ-467	2024-07-15	yes	Warble	1	1	HDZ-467-E1	2024-09-09	10	SA	Quick-DNA Fecal/Soil Microbe	HDZ Loris DNA Extracts Box 6	
HDZ-468	2024-07-07	yes	Warble	1	1	HDZ-468-E1	2024-09-09	43	SA	Quick-DNA Fecal/Soil Microbe	HDZ Loris DNA Extracts Box 6	
HDZ-469	2024-07-06	yes	Warble	1	1	HDZ-469-E1	2024-09-09	51	SA	Quick-DNA Fecal/Soil Microbe	HDZ Loris DNA Extracts Box 6	
HDZ-470	2024-07-05	yes	Warble	1	1	HDZ-470-E1	2024-09-09	52	SA	Quick-DNA Fecal/Soil Microbe	HDZ Loris DNA Extracts Box 6	
HDZ-473	2024-07-08	yes	Warble	1	1	HDZ-473-E1	2024-09-13	80	AS	Quick-DNA Fecal/Soil Microbe	HDZ Loris DNA Extracts Box 6	
HDZ-474	2024-06-15	yes	Warble	1	1	HDZ-474-E1	2024-09-24	55	SA	Quick-DNA Fecal/Soil Microbe	HDZ Loris DNA Extracts Box 6	
HDZ-475	2024-06-08	yes	Warble	1	1	HDZ-475-E1	2024-09-24	75	SA	Quick-DNA Fecal/Soil Microbe	HDZ Loris DNA Extracts Box 6	
HDZ-476	2024-08-08	yes	Warble	1	1	HDZ-476-E1	2024-09-25	49	AS	Quick-DNA Fecal/Soil Microbe	HDZ Loris DNA Extracts Box 6	
HDZ-477	2024-08-06	yes	Warble	1	1	HDZ-477-E1	2024-09-25	73	AS	Quick-DNA Fecal/Soil Microbe	HDZ Loris DNA Extracts Box 6	
HDZ-478	2024-08-11	yes	Warble	1	1	HDZ-478-E1	2024-09-25	48	AS	Quick-DNA Fecal/Soil Microbe	HDZ Loris DNA Extracts Box 6	
HDZ-479	2024-08-28	yes	Warble	1	1	HDZ-479-E1	2024-09-25	56	SA	Quick-DNA Fecal/Soil Microbe	HDZ Loris DNA Extracts Box 6	
HDZ-480	2024-09-04	yes	Warble	1	1	HDZ-480-E1	2024-09-25	52	SA	Quick-DNA Fecal/Soil Microbe	HDZ Loris DNA Extracts Box 6	
HDZ-481	2024-09-08	yes	Warble	1	1	HDZ-481-E1	2024-09-25	51	SA	Quick-DNA Fecal/Soil Microbe	HDZ Loris DNA Extracts Box 6	
HDZ-482	2024-07-30	yes	Warble	1	1	HDZ-482-E1	2024-09-25	68	SA	Quick-DNA Fecal/Soil Microbe	HDZ Loris DNA Extracts Box 7	
HDZ-483	2024-08-02	yes	Warble	1	1	HDZ-483-E1	2024-09-25	78	SA	Quick-DNA Fecal/Soil Microbe	HDZ Loris DNA Extracts Box 7	
HDZ-484	2024-08-12	yes	Warble	1	1	HDZ-484-E1	2024-09-25	103	SA	Quick-DNA Fecal/Soil Microbe	HDZ Loris DNA Extracts Box 7	
HDZ-485	2024-08-26	yes	Warble	1	1	HDZ-485-E1	2024-09-25	61	SA	Quick-DNA Fecal/Soil Microbe	HDZ Loris DNA Extracts Box 7	
HDZ-486	2024-09-13	yes	Warble	1	1	HDZ-486-E1	2024-09-25	46	SA	Quick-DNA Fecal/Soil Microbe	HDZ Loris DNA Extracts Box 7	
HDZ-487	2024-09-07	yes	Warble	1	1	HDZ-487-E1	2024-09-27	47	AS	Quick-DNA Fecal/Soil Microbe	HDZ Loris DNA Extracts Box 7	
HDZ-488	2024-07-31	yes	Warble	1	1	HDZ-488-E1	2024-09-27	59	AS	Quick-DNA Fecal/Soil Microbe	HDZ Loris DNA Extracts Box 7	
HDZ-489	2024-08-03	yes	Warble	1	1	HDZ-489-E1	2024-09-27	85	AS	Quick-DNA Fecal/Soil Microbe	HDZ Loris DNA Extracts Box 7	
HDZ-490	2024-08-13	yes	Warble	1	1	HDZ-490-E1	2024-09-27	89	AS	Quick-DNA Fecal/Soil Microbe	HDZ Loris DNA Extracts Box 7	
HDZ-491	2024-08-25	yes	Warble	1	1	HDZ-491-E1	2024-10-01	24	SA	Quick-DNA Fecal/Soil Microbe	HDZ Loris DNA Extracts Box 7	
HDZ-492	2024-09-01	yes	Warble	1	1	HDZ-492-E1	2024-10-01	7.4	SA	Quick-DNA Fecal/Soil Microbe	HDZ Loris DNA Extracts Box 7	
HDZ-493	2024-09-06	yes	Warble	1	1	HDZ-493-E1	2024-10-01	57	SA	Quick-DNA Fecal/Soil Microbe	HDZ Loris DNA Extracts Box 7	
HDZ-494	2024-08-05	yes	Warble	1	1	HDZ-494-E1	2024-10-01	76	SA/TR	Quick-DNA Fecal/Soil Microbe	HDZ Loris DNA Extracts Box 7	
HDZ-495	2024-08-04	yes	Warble	1	1	HDZ-495-E1	2024-10-01	27	SA/TR	Quick-DNA Fecal/Soil Microbe	HDZ Loris DNA Extracts Box 7	
HDZ-496	NA	yes	Warble	1	1	HDZ-496-E1	2024-10-01	17	SA/TR	Quick-DNA Fecal/Soil Microbe	HDZ Loris DNA Extracts Box 7	
HDZ-497	2024-08-19	yes	Warble	1	1	HDZ-497-E1	2024-10-02	36	AS	Quick-DNA Fecal/Soil Microbe	HDZ Loris DNA Extracts Box 7	
HDZ-498	2024-08-31	yes	Warble	1	1	HDZ-498-E1	2024-10-02	49	AS	Quick-DNA Fecal/Soil Microbe	HDZ Loris DNA Extracts Box 7	
HDZ-499	2024-09-05	yes	Warble	1	1	HDZ-499-E1	2024-10-02	46	AS	Quick-DNA Fecal/Soil Microbe	HDZ Loris DNA Extracts Box 7	
HDZ-500	2024-08-09	yes	Warble	1	1	HDZ-500-E1	2024-10-02	67	AS	Quick-DNA Fecal/Soil Microbe	HDZ Loris DNA Extracts Box 7	
HDZ-501	2024-08-14	yes	Warble	1	1	HDZ-501-E1	2024-10-02	74	AS	Quick-DNA Fecal/Soil Microbe	HDZ Loris DNA Extracts Box 7	
HDZ-502	2024-08-17	yes	Warble	1	1	HDZ-502-E1	2024-10-08	6.3	SA	Quick-DNA Fecal/Soil Microbe	HDZ Loris DNA Extracts Box 7	
HDZ-503	2024-08-24	yes	Warble	1	1	HDZ-503-E1	2024-10-08	8.8	SA	Quick-DNA Fecal/Soil Microbe	HDZ Loris DNA Extracts Box 7	
HDZ-504	2024-08-30	yes	Warble	1	1	HDZ-504-E1	2024-10-08	6.2	SA	Quick-DNA Fecal/Soil Microbe	HDZ Loris DNA Extracts Box 7	
HDZ-505	2024-09-02	yes	Warble	0	0	HDZ-505-E1	2024-10-08	0.7	SA	Quick-DNA Fecal/Soil Microbe	HDZ Loris DNA Extracts Box 7	
HDZ-506	2024-08-25	yes	Warble	1	1	HDZ-506-E1	2024-10-08	8.9	SA	Quick-DNA Fecal/Soil Microbe	HDZ Loris DNA Extracts Box 7	
HDZ-507	2024-08-16	yes	Warble	1	1	HDZ-507-E1	2024-10-08	9	SA	Quick-DNA Fecal/Soil Microbe	HDZ Loris DNA Extracts Box 7	
HDZ-508	2024-08-22	yes	Warble	1	1	HDZ-508-E1	2024-10-08	3.1	SA	Quick-DNA Fecal/Soil Microbe	HDZ Loris DNA Extracts Box 7	
HDZ-509	2024-08-27	yes	Warble	1	1	HDZ-509-E1	2024-10-08	10	SA	Quick-DNA Fecal/Soil Microbe	HDZ Loris DNA Extracts Box 7	
HDZ-510	2024-08-29	yes	Warble	1	1	HDZ-510-E1	2024-10-08	7.8	SA	Quick-DNA Fecal/Soil Microbe	HDZ Loris DNA Extracts Box 7	
HDZ-511	2024-09-21	yes	Warble	0	0	HDZ-511-E1	2024-11-13	100	AS	Quick-DNA Fecal/Soil Microbe	HDZ Loris DNA Extracts Box 7	
HDZ-513	2024-09-23	yes	Warble	0	0	HDZ-513-E1	2024-11-13	9	AS	Quick-DNA Fecal/Soil Microbe	HDZ Loris DNA Extracts Box 7	
HDZ-514	2024-09-22	yes	Warble	0	0	HDZ-514-E1	2024-11-13	100	AS	Quick-DNA Fecal/Soil Microbe	HDZ Loris DNA Extracts Box 7	
HDZ-517	2024-09-04	yes	Warble	1	1	HDZ-517-E1	2024-10-08	5.2	SA	Quick-DNA Fecal/Soil Microbe	HDZ Loris DNA Extracts Box 7	
HDZ-518	2024-09-20	yes	Warble	0	0	HDZ-518-E1	2024-11-15	79	AS	Quick-DNA Fecal/Soil Microbe	HDZ Loris DNA Extracts Box 7	
HDZ-521	2024-09-25	yes	Warble	0	0	HDZ-521-E1	2024-11-15	76	AS	Quick-DNA Fecal/Soil Microbe	HDZ Loris DNA Extracts Box 7	
HDZ-522	2024-09-15	yes	Warble	1	1	HDZ-522-E1	2024-10-08	7.1	SA	Quick-DNA Fecal/Soil Microbe	HDZ Loris DNA Extracts Box 7	
HDZ-525	2024-09-14	yes	Warble	1	1	HDZ-525-E1	2024-10-08	11	SA	Quick-DNA Fecal/Soil Microbe	HDZ Loris DNA Extracts Box 7	
HDZ-526	2024-09-16	yes	Warble	0	0	HDZ-526-E1	2024-10-08	7.2	SA	Quick-DNA Fecal/Soil Microbe	HDZ Loris DNA Extracts Box 7	
