SampleID	SampleCollectedBy	SampleNotes	CollectionDate	Subj_Certainty	Subject	n_dna_extracts	n_16s_sample
HDZ-001	HDZ Keepers		2023-11-04	yes	Warble	1	1
HDZ-002	HDZ Keepers		2023-11-01	yes	Warble	1	1
HDZ-004	HDZ Keepers	Vaginal closure began	2023-10-28	yes	Warble	1	1
HDZ-005	HDZ Keepers	Suspected date of conception	2023-10-27	yes	Warble	1	1
HDZ-010	HDZ Keepers		2023-10-31	yes	Culi	1	1
HDZ-011	HDZ Keepers		2023-10-29	yes	Culi	1	1
HDZ-012	HDZ Keepers		2023-11-08	yes	Culi	1	0
HDZ-013	HDZ Keepers		2023-10-26	yes	Culi	1	1
HDZ-014	HDZ Keepers		2023-10-27	yes	Culi	1	1
HDZ-015	HDZ Keepers		2023-10-30	yes	Warble	1	1
HDZ-016	HDZ Keepers		2023-11-01	yes	Culi	1	1
HDZ-018	HDZ Keepers		2023-10-30	yes	Culi	1	1
HDZ-019	HDZ Keepers	Complete vaginal closure	2023-10-29	yes	Warble	1	1
HDZ-020	HDZ Keepers		2023-11-04	yes	Culi	1	1
HDZ-021	HDZ Keepers		2023-10-28	yes	Culi	1	1
HDZ-022	HDZ Keepers		2023-11-03	yes	Culi	1	1
HDZ-023	HDZ Keepers		2023-11-03	yes	Warble	1	1
HDZ-024	HDZ Keepers		2023-11-02	yes	Culi	1	1
HDZ-025	HDZ Keepers		2023-10-31	yes	Warble	1	1
HDZ-026	HDZ Keepers		2023-11-02	yes	Culi	1	1
HDZ-027	HDZ Keepers		2023-11-05	yes	Warble	1	1
HDZ-028	HDZ Keepers		2023-11-05	yes	Culi	1	2
HDZ-029	HDZ Keepers		2023-11-02	no	Unknown	1	1
HDZ-030	HDZ Keepers		2023-11-06	yes	Warble	1	2
HDZ-031	HDZ Keepers		2023-11-10	yes	Warble	1	0
HDZ-032	HDZ Keepers		2023-11-11	yes	Culi	1	1
HDZ-033	HDZ Keepers		2023-11-11	yes	Warble	1	1
HDZ-034	HDZ Keepers		2023-11-12	yes	Warble	1	1
HDZ-035	HDZ Keepers		2023-11-06	yes	Culi	1	1
HDZ-036	HDZ Keepers		2023-11-09	yes	Warble	1	1
HDZ-037	HDZ Keepers		2023-11-10	yes	Culi	1	1
HDZ-038	HDZ Keepers		2023-11-12	yes	Culi	1	1
HDZ-039	HDZ Keepers		2023-11-14	yes	Culi	1	1
HDZ-040	HDZ Keepers		2023-11-09	yes	Culi	1	1
HDZ-041	HDZ Keepers		2023-11-13	yes	Warble	1	1
HDZ-042	HDZ Keepers		2023-11-13	yes	Culi	1	1
HDZ-043	HDZ Keepers		2023-11-17	yes	Culi	1	0
HDZ-044	HDZ Keepers		2023-11-19	no	Warble	1	1
HDZ-045	HDZ Keepers		2023-11-07	yes	Warble	1	1
HDZ-046	HDZ Keepers		2023-11-14	yes	Culi	1	1
HDZ-047	HDZ Keepers		2023-11-15	yes	Culi	1	1
HDZ-048	HDZ Keepers		2023-11-16	yes	Warble	1	0
HDZ-049	HDZ Keepers		2023-11-18	no	Warble	1	1
HDZ-050	HDZ Keepers		2023-11-08	yes	Warble	1	1
HDZ-051	HDZ Keepers		2023-11-14	yes	Warble	1	1
HDZ-052	HDZ Keepers		2023-11-13	yes	Warble	1	1
HDZ-053	HDZ Keepers		2023-11-18	yes	Culi	1	1
HDZ-054	HDZ Keepers		2023-11-19	yes	Culi	1	1
HDZ-055	HDZ Keepers	No date or name on tube, gathered from zoo on 12/13 (AMR)	NA	no	Unknown	1	1
HDZ-056	HDZ Keepers		2023-11-29	yes	Culi	1	0
HDZ-057	HDZ Keepers		2023-11-26	yes	Culi	1	1
HDZ-058	HDZ Keepers		2023-11-21	yes	Culi	1	1
HDZ-059	HDZ Keepers		2023-11-20	yes	Culi	1	0
HDZ-060	HDZ Keepers		2023-12-15	yes	Culi	1	1
HDZ-061	HDZ Keepers		2023-11-30	yes	Warble	1	0
HDZ-062	HDZ Keepers	No stabilizer or date on tube - added stabilizer on 12/13 in the lab (AMR)	NA	yes	Warble	1	0
HDZ-063	HDZ Keepers		2023-11-24	yes	Culi	1	1
HDZ-064	HDZ Keepers		2023-11-23	yes	Culi	1	1
HDZ-065	HDZ Keepers		2023-12-03	yes	Culi	1	1
HDZ-066	HDZ Keepers		2023-11-30	yes	Culi	1	1
HDZ-067	HDZ Keepers		2023-11-27	no	Warble	1	1
HDZ-068	HDZ Keepers		2023-11-24	yes	Warble	1	1
HDZ-069	HDZ Keepers		2023-11-22	yes	Culi	1	1
HDZ-070	HDZ Keepers		2023-12-02	yes	Warble	1	1
HDZ-071	HDZ Keepers		2023-12-02	yes	Culi	1	1
HDZ-072	HDZ Keepers		2023-11-29	yes	Warble	1	1
HDZ-073	HDZ Keepers		2023-11-26	yes	Warble	1	1
HDZ-074	HDZ Keepers		2023-11-23	yes	Warble	1	0
HDZ-075	HDZ Keepers		2023-12-01	yes	Warble	1	0
HDZ-076	HDZ Keepers		2023-12-01	yes	Culi	1	1
HDZ-077	HDZ Keepers		2023-11-27	no	Culi	1	1
HDZ-078	HDZ Keepers		2023-11-23	yes	Culi	1	1
HDZ-079	HDZ Keepers		2023-11-22	yes	Warble	1	1
HDZ-080	HDZ Keepers		2024-01-02	yes	Culi	1	0
HDZ-081	HDZ Keepers		2023-12-31	yes	Culi	1	1
HDZ-082	HDZ Keepers		2023-12-29	yes	Warble	1	1
HDZ-083	HDZ Keepers		2023-12-26	yes	Warble	1	1
HDZ-084	HDZ Keepers		2023-12-21	yes	Culi	1	1
HDZ-085	HDZ Keepers		2024-01-01	yes	Culi	1	1
HDZ-086	HDZ Keepers		2023-12-30	yes	Culi	1	1
HDZ-087	HDZ Keepers		2023-12-29	yes	Culi	1	1
HDZ-088	HDZ Keepers		2023-12-26	yes	Culi	1	1
HDZ-089	HDZ Keepers		2023-12-24	yes	Culi	1	1
HDZ-090	HDZ Keepers	Almost no stabilizer in the tube	2023-12-30	yes	Warble	1	1
HDZ-091	HDZ Keepers		2023-12-28	yes	Culi	1	1
HDZ-092	HDZ Keepers		2023-12-25	yes	Warble	1	1
HDZ-093	HDZ Keepers		2023-12-23	yes	Warble	1	1
HDZ-094	HDZ Keepers		2023-11-20	yes	Culi	1	1
HDZ-095	HDZ Keepers		2023-10-26	yes	Warble	1	1
HDZ-096	HDZ Keepers		2023-12-27	yes	Warble	1	1
HDZ-097	HDZ Keepers		2023-12-25	yes	Culi	1	1
HDZ-098	HDZ Keepers		2023-12-22	yes	Culi	1	1
HDZ-099	HDZ Keepers		2023-12-21	yes	Warble	1	1
HDZ-101	HDZ Keepers	Very little stabilizer in the tube	2023-12-24	yes	Warble	1	1
HDZ-102	HDZ Keepers		2023-12-23	no	Culi	1	1
HDZ-103	HDZ Keepers		2023-12-22	yes	Warble	1	1
HDZ-104	HDZ Keepers		2023-11-20	yes	Warble	1	1
HDZ-105	HDZ Keepers		2023-12-28	yes	Warble	1	1
HDZ-106	HDZ Keepers		2024-01-01	yes	Warble	1	1
HDZ-107	HDZ Keepers		2024-01-02	yes	Warble	1	1
HDZ-108	HDZ Keepers		2023-12-27	yes	Culi	1	1
HDZ-109	HDZ Keepers		2023-12-31	yes	Warble	1	1
HDZ-155	HDZ Keepers		2023-12-15	yes	Warble	1	1
HDZ-156	HDZ Keepers		2023-12-15	yes	Culi	1	1
HDZ-157	HDZ Keepers		2023-12-14	yes	Warble	1	1
HDZ-158	HDZ Keepers		2024-07-16	no	Warble	1	1
HDZ-159	HDZ Keepers		2024-07-02	yes	Warble	1	1
HDZ-160	HDZ Keepers		2024-06-10	yes	Warble	1	1
HDZ-161	HDZ Keepers		2023-12-16	yes	Warble	1	1
HDZ-162	HDZ Keepers		2023-12-17	yes	Warble	1	1
HDZ-163	HDZ Keepers		2023-12-19	yes	Culi	1	1
HDZ-164	HDZ Keepers		2024-06-13	yes	Warble	1	1
HDZ-165	HDZ Keepers		2024-05-14	yes	Warble	1	1
HDZ-166	HDZ Keepers		2024-05-14	yes	Culi	1	1
HDZ-167	HDZ Keepers		2023-12-14	yes	Culi	1	1
HDZ-168	HDZ Keepers		2023-12-17	yes	Culi	1	1
HDZ-169	HDZ Keepers		2023-12-18	yes	Culi	1	1
HDZ-170	HDZ Keepers		2023-12-18	yes	Warble	1	1
HDZ-171	HDZ Keepers		2024-06-28	yes	Warble	1	1
HDZ-172	HDZ Keepers		2024-06-29	yes	Warble	1	1
HDZ-173	HDZ Keepers		2023-12-14	yes	Warble	1	1
HDZ-174	HDZ Keepers		2023-12-16	yes	Culi	1	1
HDZ-175	HDZ Keepers		2023-12-13	yes	Culi	1	1
HDZ-176	HDZ Keepers		2023-12-09	yes	Culi	1	1
HDZ-177	HDZ Keepers		2023-12-13	yes	Warble	1	1
HDZ-178	HDZ Keepers		2024-06-20	yes	Warble	1	1
HDZ-179	HDZ Keepers		2023-12-11	yes	Culi	1	1
HDZ-180	HDZ Keepers		2023-12-12	yes	Culi	1	1
HDZ-181	HDZ Keepers		2023-12-10	yes	Culi	1	1
HDZ-182	HDZ Keepers		2023-12-08	yes	Culi	1	1
HDZ-183	HDZ Keepers		2023-12-07	yes	Warble	1	1
HDZ-184	HDZ Keepers		2023-12-07	yes	Culi	1	1
HDZ-185	HDZ Keepers		2023-12-09	yes	Warble	0	0
HDZ-186	HDZ Keepers		2023-12-06	yes	Warble	1	1
HDZ-187	HDZ Keepers		2023-12-06	yes	Culi	1	1
HDZ-188	HDZ Keepers		2023-12-05	yes	Warble	1	1
HDZ-189	HDZ Keepers		2024-06-06	yes	Warble	1	1
HDZ-190	HDZ Keepers		2024-01-06	yes	Culi	1	1
HDZ-191	HDZ Keepers	Tests indicate Warble is not pregnant, no metaboilte evidence of conception	2024-01-07	yes	Warble	1	1
HDZ-192	HDZ Keepers		2024-01-07	yes	Culi	1	1
HDZ-193	HDZ Keepers		2024-01-06	yes	Warble	1	1
HDZ-194	HDZ Keepers		2024-02-02	yes	Warble	1	1
HDZ-195	HDZ Keepers		2023-12-09	yes	Warble	1	1
HDZ-196	HDZ Keepers		2024-02-05	yes	Culi	1	1
HDZ-197	HDZ Keepers		2024-02-04	yes	Culi	1	1
HDZ-198	HDZ Keepers		2024-02-08	yes	Culi	1	1
HDZ-199	HDZ Keepers		2024-02-06	yes	Warble	1	1
HDZ-200	HDZ Keepers		2024-02-03	yes	Warble	1	1
HDZ-201	HDZ Keepers		2024-02-03	yes	Culi	1	1
HDZ-202	HDZ Keepers		2024-01-27	yes	Culi	1	1
HDZ-203	HDZ Keepers		2024-01-26	yes	Culi	1	1
HDZ-204	HDZ Keepers		2024-01-29	yes	Culi	1	1
HDZ-205	HDZ Keepers		2024-01-29	yes	Warble	1	1
HDZ-206	HDZ Keepers		2024-01-30	no	Unknown	1	1
HDZ-207	HDZ Keepers		2024-01-27	yes	Warble	1	1
HDZ-208	HDZ Keepers		2024-01-30	yes	Warble	1	1
HDZ-209	HDZ Keepers		2024-01-26	yes	Warble	1	1
HDZ-210	HDZ Keepers		2024-03-14	yes	Warble	1	1
HDZ-211	HDZ Keepers		2024-03-22	yes	Culi	1	1
HDZ-212	HDZ Keepers		2024-03-27	yes	Warble	1	1
HDZ-213	HDZ Keepers		2024-03-31	no	Unknown	1	1
HDZ-214	HDZ Keepers		2024-06-02	yes	Warble	1	1
HDZ-215	HDZ Keepers		2024-03-27	yes	Culi	1	1
HDZ-216	HDZ Keepers		2024-03-29	yes	Warble	0	0
HDZ-217	HDZ Keepers		2024-03-26	yes	Warble	1	1
HDZ-218	HDZ Keepers		2024-03-21	yes	Warble	1	1
HDZ-219	HDZ Keepers		2024-03-16	yes	Culi	1	1
HDZ-220	HDZ Keepers		2024-03-17	yes	Culi	1	1
HDZ-221	HDZ Keepers		2024-03-14	yes	Culi	1	1
HDZ-222	HDZ Keepers		2024-03-02	yes	Culi	1	1
HDZ-223	HDZ Keepers		2024-03-25	yes	Warble	1	1
HDZ-224	HDZ Keepers		2024-03-25	yes	Culi	1	1
HDZ-226	HDZ Keepers		2024-03-30	yes	Culi	1	1
HDZ-227	HDZ Keepers		2024-03-29	yes	Culi	1	1
HDZ-228	HDZ Keepers		2024-03-27	yes	Warble	1	1
HDZ-229	HDZ Keepers		2024-03-21	yes	Culi	1	1
HDZ-230	HDZ Keepers		2024-03-01	yes	Culi	1	1
HDZ-231	HDZ Keepers		2024-02-29	yes	Culi	1	1
HDZ-232	HDZ Keepers		2024-02-28	yes	Warble	1	1
HDZ-233	HDZ Keepers		2024-02-28	yes	Culi	1	1
HDZ-234	HDZ Keepers		2024-02-07	yes	Warble	1	1
HDZ-235	HDZ Keepers		2024-02-07	yes	Culi	1	1
HDZ-236	HDZ Keepers		2024-02-27	yes	Culi	1	1
HDZ-237	HDZ Keepers		2024-02-08	yes	Warble	1	1
HDZ-238	HDZ Keepers		2024-02-06	yes	Culi	1	1
HDZ-239	HDZ Keepers		2024-02-05	yes	Warble	1	1
HDZ-240	HDZ Keepers		2024-01-20	yes	Culi	1	1
HDZ-241	HDZ Keepers		2024-02-23	yes	Culi	1	1
HDZ-242	HDZ Keepers		2024-02-23	yes	Warble	1	1
HDZ-243	HDZ Keepers		2024-02-26	yes	Culi	1	1
HDZ-244	HDZ Keepers		2024-02-27	yes	Warble	1	1
HDZ-245	HDZ Keepers		2024-01-16	yes	Culi	1	1
HDZ-246	HDZ Keepers		2024-01-18	yes	Warble	1	1
HDZ-247	HDZ Keepers		2024-01-20	yes	Warble	1	1
HDZ-248	HDZ Keepers		2024-01-21	yes	Warble	1	1
HDZ-249	HDZ Keepers		2024-01-19	yes	Culi	1	1
HDZ-250	HDZ Keepers		2024-01-21	yes	Culi	1	1
HDZ-251	HDZ Keepers		2024-01-16	yes	Warble	1	1
HDZ-252	HDZ Keepers		2024-01-18	yes	Culi	1	1
HDZ-253	HDZ Keepers		2024-01-17	yes	Culi	1	1
HDZ-254	HDZ Keepers		2024-02-02	yes	Culi	1	1
HDZ-255	HDZ Keepers		2024-01-15	yes	Warble	1	0
HDZ-256	HDZ Keepers		2024-01-13	yes	Culi	1	0
HDZ-257	HDZ Keepers		2024-01-09	yes	Warble	1	0
HDZ-258	HDZ Keepers		2024-01-10	yes	Culi	1	1
HDZ-259	HDZ Keepers		2024-01-13	yes	Warble	1	1
HDZ-260	HDZ Keepers		2024-01-28	yes	Warble	1	1
HDZ-262	HDZ Keepers		2024-01-24	yes	Culi	1	1
HDZ-263	HDZ Keepers		2024-01-09	no	Culi	1	1
HDZ-264	HDZ Keepers		2024-01-08	yes	Culi	1	1
HDZ-265	HDZ Keepers		2024-01-23	yes	Warble	1	1
HDZ-266	HDZ Keepers		2024-01-28	yes	Culi	1	1
HDZ-267	HDZ Keepers		2024-01-22	yes	Warble	1	1
HDZ-268	HDZ Keepers		2024-01-08	yes	Warble	1	1
HDZ-269	HDZ Keepers		2024-01-14	yes	Culi	1	1
HDZ-270	HDZ Keepers		2024-01-22	yes	Culi	1	1
HDZ-271	HDZ Keepers		2024-01-25	yes	Culi	1	1
HDZ-272	HDZ Keepers		2024-01-21	yes	Culi	1	1
HDZ-273	HDZ Keepers		2024-01-23	yes	Culi	1	1
HDZ-274	HDZ Keepers		2024-01-15	yes	Culi	1	1
HDZ-301	HDZ Keepers		2024-02-22	yes	Culi	1	1
HDZ-302	HDZ Keepers		2024-02-25	yes	Warble	1	1
HDZ-303	HDZ Keepers		2024-02-13	yes	Warble	1	1
HDZ-304	HDZ Keepers		2024-02-15	yes	Warble	1	1
HDZ-305	HDZ Keepers		2024-02-19	yes	Culi	1	1
HDZ-306	HDZ Keepers		2024-02-11	yes	Warble	1	1
HDZ-307	HDZ Keepers		2024-02-09	yes	Warble	1	1
HDZ-308	HDZ Keepers		2024-02-15	yes	Culi	1	1
HDZ-309	HDZ Keepers		2024-02-29	yes	Warble	1	1
HDZ-310	HDZ Keepers		2024-02-20	yes	Culi	1	1
HDZ-311	HDZ Keepers		2024-12-14	yes	Culi	1	1
HDZ-312	HDZ Keepers		2024-02-14	yes	Warble	1	1
HDZ-313	HDZ Keepers		2024-02-16	yes	Warble	1	1
HDZ-314	HDZ Keepers		2024-02-16	yes	Culi	1	1
HDZ-315	HDZ Keepers		2024-02-10	yes	Warble	1	1
HDZ-316	HDZ Keepers		2024-03-24	yes	Warble	1	1
HDZ-317	HDZ Keepers		2024-02-13	yes	Culi	1	1
HDZ-318	HDZ Keepers		2024-02-11	yes	Culi	1	1
HDZ-319	HDZ Keepers		2024-02-17	yes	Culi	1	1
HDZ-320	HDZ Keepers		2024-02-21	yes	Culi	1	1
HDZ-321	HDZ Keepers		2024-03-10	yes	Culi	1	1
HDZ-322	HDZ Keepers		2024-03-03	yes	Culi	1	1
HDZ-323	HDZ Keepers		2024-01-17	yes	Warble	1	1
HDZ-324	HDZ Keepers		2024-02-18	yes	Culi	1	1
HDZ-325	HDZ Keepers		2024-02-22	yes	Warble	1	1
HDZ-326	HDZ Keepers		2024-02-09	yes	Culi	1	1
HDZ-327	HDZ Keepers		2024-02-25	yes	Culi	1	1
HDZ-328	HDZ Keepers		2024-02-24	yes	Culi	1	1
HDZ-329	HDZ Keepers		2024-02-18	yes	Warble	1	1
HDZ-330	HDZ Keepers		2024-02-10	yes	Culi	1	1
HDZ-331	HDZ Keepers		2024-02-12	yes	Warble	1	1
HDZ-332	HDZ Keepers		2024-02-21	yes	Warble	1	1
HDZ-333	HDZ Keepers		2024-02-19	yes	Warble	1	1
HDZ-334	HDZ Keepers		2024-02-24	yes	Warble	1	1
HDZ-335	HDZ Keepers		2024-02-20	yes	Warble	1	1
HDZ-336	HDZ Keepers		2024-02-12	yes	Culi	1	1
HDZ-337	HDZ Keepers		2024-03-08	yes	Warble	1	1
HDZ-338	HDZ Keepers		2024-03-10	yes	Warble	1	1
HDZ-339	HDZ Keepers		2024-03-08	yes	Culi	1	1
HDZ-340	HDZ Keepers		2024-03-18	yes	Warble	1	1
HDZ-341	HDZ Keepers		2024-03-20	yes	Culi	1	1
HDZ-342	HDZ Keepers		2024-03-09	yes	Culi	1	1
HDZ-343	HDZ Keepers		2024-03-11	yes	Warble	1	1
HDZ-344	HDZ Keepers		2024-03-09	yes	Warble	1	1
HDZ-345	HDZ Keepers		2024-03-13	yes	Culi	1	1
HDZ-346	HDZ Keepers		2024-03-13	yes	Warble	1	1
HDZ-347	HDZ Keepers		2024-03-11	yes	Culi	1	1
HDZ-348	HDZ Keepers		2024-03-18	yes	Culi	1	1
HDZ-349	HDZ Keepers		2024-03-20	yes	Warble	1	1
HDZ-350	HDZ Keepers		2024-03-24	yes	Culi	1	1
HDZ-351	HDZ Keepers		2024-04-16	yes	Warble	1	1
HDZ-352	HDZ Keepers		2024-04-16	yes	Culi	1	1
HDZ-353	HDZ Keepers		2024-04-17	yes	Culi	1	0
HDZ-354	HDZ Keepers		2024-04-19	yes	Culi	1	1
HDZ-355	HDZ Keepers		2024-04-20	yes	Warble	1	1
HDZ-356	HDZ Keepers		2024-04-26	yes	Warble	1	1
HDZ-357	HDZ Keepers		2024-04-14	yes	Culi	1	1
HDZ-358	HDZ Keepers		2024-04-15	yes	Culi	1	1
HDZ-359	HDZ Keepers		2024-04-15	yes	Warble	1	1
HDZ-360	HDZ Keepers		2024-04-22	yes	Warble	1	1
HDZ-361	HDZ Keepers		2024-04-20	yes	Culi	1	1
HDZ-362	HDZ Keepers		2024-04-25	yes	Culi	1	1
HDZ-363	HDZ Keepers		2024-04-10	yes	Culi	1	1
HDZ-364	HDZ Keepers		2024-04-12	yes	Culi	1	1
HDZ-365	HDZ Keepers		2024-04-13	yes	Culi	1	1
HDZ-366	HDZ Keepers		2024-04-13	yes	Warble	1	1
HDZ-367	HDZ Keepers		2024-04-19	yes	Warble	1	1
HDZ-368	HDZ Keepers		2024-04-24	yes	Culi	1	1
HDZ-369	HDZ Keepers		2024-04-05	yes	Warble	1	1
HDZ-370	HDZ Keepers	Whistling, confirmed breeding	2024-04-04	yes	Culi	1	1
HDZ-371	HDZ Keepers	Whistling, confirmed breeding	2024-04-04	yes	Warble	1	1
HDZ-372	HDZ Keepers		2024-04-06	yes	Culi	1	1
HDZ-373	HDZ Keepers		2024-03-08	yes	Culi	1	1
HDZ-374	HDZ Keepers		2024-04-22	yes	Warble	1	1
HDZ-375	HDZ Keepers		2024-04-05	yes	Culi	1	1
HDZ-376	HDZ Keepers	Warble and Culi resting together	2024-04-03	yes	Warble	1	1
HDZ-377	HDZ Keepers	Warble and Culi resting together	2024-04-03	yes	Culi	1	1
HDZ-378	HDZ Keepers		2024-04-06	yes	Warble	1	1
HDZ-379	HDZ Keepers		2024-04-12	yes	Warble	1	1
HDZ-380	HDZ Keepers		2024-04-23	yes	Warble	1	1
HDZ-381	HDZ Keepers		2024-04-07	yes	Culi	1	1
HDZ-382	HDZ Keepers		2024-03-09	yes	Warble	1	1
HDZ-383	HDZ Keepers		2024-03-09	yes	Culi	1	1
HDZ-384	HDZ Keepers		2024-03-11	yes	Culi	1	1
HDZ-385	HDZ Keepers		2024-03-14	yes	Warble	1	1
HDZ-386	HDZ Keepers		2024-04-22	yes	Culi	1	1
HDZ-387	HDZ Keepers	Warble vulva swollen	2024-04-01	yes	Warble	1	1
HDZ-388	HDZ Keepers	Warble vulva swollen	2024-04-01	yes	Culi	1	1
HDZ-389	HDZ Keepers		2024-03-04	yes	Culi	1	1
HDZ-390	HDZ Keepers		2024-03-26	yes	Culi	1	1
HDZ-391	HDZ Keepers		2024-03-23	yes	Warble	1	1
HDZ-392	HDZ Keepers		2024-03-19	yes	Culi	1	1
HDZ-393	HDZ Keepers		2024-03-17	yes	Warble	1	1
HDZ-394	HDZ Keepers		2024-02-01	yes	Culi	1	1
HDZ-395	HDZ Keepers		2024-03-05	yes	Culi	1	1
HDZ-396	HDZ Keepers		2024-03-12	yes	Culi	1	1
HDZ-397	HDZ Keepers		2024-03-07	no	Unknown	1	1
HDZ-398	HDZ Keepers		2024-03-07	yes	Culi	1	1
HDZ-399	HDZ Keepers		2024-03-06	yes	Warble	1	1
HDZ-400	HDZ Keepers		2024-03-06	yes	Culi	1	1
HDZ-401	HDZ Keepers	Culi scrotum swollen, begin breeding access	2024-04-02	yes	Culi	1	1
HDZ-402	HDZ Keepers		2024-03-31	yes	Warble	1	1
HDZ-403	HDZ Keepers		2024-03-30	yes	Warble	1	1
HDZ-404	HDZ Keepers	2nd Warble sample for this date, DNA/RNA Shield is a little yellow, but uncertain if there is actual sample 	2024-03-27	yes	Warble	0	0
HDZ-405	HDZ Keepers		2024-03-23	yes	Culi	1	1
HDZ-406	HDZ Keepers		2024-03-22	yes	Warble	1	1
HDZ-407	HDZ Keepers	Sample is very red	2024-03-15	yes	Warble	1	1
HDZ-408	HDZ Keepers		2024-03-15	yes	Culi	1	1
HDZ-409	HDZ Keepers		2024-03-12	yes	Warble	1	1
HDZ-410	HDZ Keepers		2024-02-26	yes	Warble	1	1
HDZ-411	HDZ Keepers		2024-02-01	yes	Warble	1	1
HDZ-412	HDZ Keepers		2024-07-01	yes	Warble	1	1
HDZ-413	HDZ Keepers		2024-06-30	yes	Warble	1	1
HDZ-414	HDZ Keepers		2024-06-26	yes	Warble	1	1
HDZ-415	HDZ Keepers		2024-06-24	no	Warble	1	1
HDZ-416	HDZ Keepers		2024-06-21	yes	Warble	1	1
HDZ-417	HDZ Keepers		2024-06-23	yes	Warble	1	1
HDZ-418	HDZ Keepers		2024-06-27	yes	Warble	1	1
HDZ-419	HDZ Keepers		2024-06-25	yes	Warble	1	1
HDZ-420	HDZ Keepers		2024-06-19	yes	Warble	1	1
HDZ-421	HDZ Keepers		2024-06-18	no	Unknown	1	1
HDZ-422	HDZ Keepers		2024-06-16	yes	Warble	1	1
HDZ-423	HDZ Keepers		2024-06-17	yes	Warble	1	1
HDZ-424	HDZ Keepers		2024-05-13	yes	Warble	1	1
HDZ-425	HDZ Keepers		2024-05-08	yes	Warble	1	1
HDZ-426	HDZ Keepers		2024-05-08	yes	Culi	1	1
HDZ-427	HDZ Keepers		2024-06-07	yes	Warble	1	1
HDZ-428	HDZ Keepers		2024-06-12	yes	Warble	1	1
HDZ-429	HDZ Keepers		2024-06-16	no	Culi	1	1
HDZ-430	HDZ Keepers		2024-05-11	yes	Culi	1	1
HDZ-431	HDZ Keepers		2024-05-07	yes	Warble	1	1
HDZ-432	HDZ Keepers		2024-05-04	yes	Warble	1	1
HDZ-433	HDZ Keepers		2024-05-07	yes	Culi	1	1
HDZ-434	HDZ Keepers		2024-05-09	yes	Culi	1	1
HDZ-435	HDZ Keepers		2024-06-11	yes	Warble	1	1
HDZ-436	HDZ Keepers		2024-06-04	yes	Warble	1	1
HDZ-437	HDZ Keepers		2024-05-04	yes	Culi	1	1
HDZ-438	HDZ Keepers		2024-05-03	yes	Culi	1	1
HDZ-439	HDZ Keepers		2024-05-03	yes	Warble	1	1
HDZ-440	HDZ Keepers		2024-05-09	yes	Warble	1	1
HDZ-441	HDZ Keepers		2024-06-09	yes	Warble	1	1
HDZ-442	HDZ Keepers		2024-05-12	yes	Culi	1	1
HDZ-443	HDZ Keepers		2024-05-12	yes	Warble	1	1
HDZ-444	HDZ Keepers		2024-05-10	yes	Culi	1	1
HDZ-445	HDZ Keepers		2024-05-13	yes	Culi	1	1
HDZ-446	HDZ Keepers		2024-06-03	yes	Warble	1	1
HDZ-447	HDZ Keepers		2024-06-05	yes	Warble	1	1
HDZ-448	HDZ Keepers		2024-05-01	yes	Warble	1	1
HDZ-449	HDZ Keepers		2024-04-30	yes	Warble	1	1
HDZ-450	HDZ Keepers		2024-04-27	yes	Culi	1	1
HDZ-451	HDZ Keepers		2024-04-27	yes	Warble	1	1
HDZ-452	HDZ Keepers		2024-04-29	yes	Culi	1	1
HDZ-453	HDZ Keepers		2024-04-29	yes	Warble	1	1
HDZ-454	HDZ Keepers		2024-07-27	yes	Warble	1	1
HDZ-455	HDZ Keepers		2024-07-24	yes	Warble	1	1
HDZ-456	HDZ Keepers		2024-07-22	yes	Warble	1	1
HDZ-457	HDZ Keepers		2024-07-21	yes	Warble	1	1
HDZ-458	HDZ Keepers		2024-07-19	yes	Warble	1	1
HDZ-459	HDZ Keepers		2024-07-18	yes	Warble	1	1
HDZ-460	HDZ Keepers		2024-07-25	yes	Warble	1	1
HDZ-461	HDZ Keepers		2024-07-20	yes	Warble	1	1
HDZ-462	HDZ Keepers		2024-07-14	no	Warble	1	1
HDZ-463	HDZ Keepers		2024-07-13	yes	Warble	1	1
HDZ-464	HDZ Keepers		2024-06-11	yes	Warble	1	1
HDZ-465	HDZ Keepers		2024-07-09	yes	Warble	1	1
HDZ-466	HDZ Keepers		2024-07-23	no	Warble	1	1
HDZ-467	HDZ Keepers		2024-07-15	yes	Warble	1	1
HDZ-468	HDZ Keepers		2024-07-07	yes	Warble	1	1
HDZ-469	HDZ Keepers		2024-07-06	yes	Warble	1	1
HDZ-470	HDZ Keepers		2024-07-05	yes	Warble	1	1
HDZ-471	HDZ Keepers		2024-07-03	yes	Warble	0	0
HDZ-472	HDZ Keepers		2024-07-10	yes	Warble	0	0
HDZ-473	HDZ Keepers		2024-07-08	yes	Warble	1	1
HDZ-474	HDZ Keepers		2024-06-15	yes	Warble	1	1
HDZ-475	HDZ Keepers		2024-06-08	yes	Warble	1	1
HDZ-476	HDZ Keepers		2024-08-08	yes	Warble	1	1
HDZ-477	HDZ Keepers		2024-08-06	yes	Warble	1	1
HDZ-478	HDZ Keepers		2024-08-11	yes	Warble	1	1
HDZ-479	HDZ Keepers		2024-08-28	yes	Warble	1	1
HDZ-480	HDZ Keepers		2024-09-04	yes	Warble	1	1
HDZ-481	HDZ Keepers		2024-09-08	yes	Warble	1	1
HDZ-482	HDZ Keepers		2024-07-30	yes	Warble	1	1
HDZ-483	HDZ Keepers		2024-08-02	yes	Warble	1	1
HDZ-484	HDZ Keepers		2024-08-12	yes	Warble	1	1
HDZ-485	HDZ Keepers		2024-08-26	yes	Warble	1	1
HDZ-486	HDZ Keepers		2024-09-13	yes	Warble	1	1
HDZ-487	HDZ Keepers		2024-09-07	yes	Warble	1	1
HDZ-488	HDZ Keepers		2024-07-31	yes	Warble	1	1
HDZ-489	HDZ Keepers		2024-08-03	yes	Warble	1	1
HDZ-490	HDZ Keepers		2024-08-13	yes	Warble	1	1
HDZ-491	HDZ Keepers		2024-08-25	yes	Warble	1	1
HDZ-492	HDZ Keepers		2024-09-01	yes	Warble	1	1
HDZ-493	HDZ Keepers		2024-09-06	yes	Warble	1	1
HDZ-494	HDZ Keepers		2024-08-05	yes	Warble	1	1
HDZ-495	HDZ Keepers		2024-08-04	yes	Warble	1	1
HDZ-496	HDZ Keepers		NA	yes	Warble	1	1
HDZ-497	HDZ Keepers		2024-08-19	yes	Warble	1	1
HDZ-498	HDZ Keepers		2024-08-31	yes	Warble	1	1
HDZ-499	HDZ Keepers		2024-09-05	yes	Warble	1	1
HDZ-500	HDZ Keepers		2024-08-09	yes	Warble	1	1
HDZ-501	HDZ Keepers		2024-08-14	yes	Warble	1	1
HDZ-502	HDZ Keepers		2024-08-17	yes	Warble	1	1
HDZ-503	HDZ Keepers		2024-08-24	yes	Warble	1	1
HDZ-504	HDZ Keepers		2024-08-30	yes	Warble	1	1
HDZ-505	HDZ Keepers		2024-09-02	yes	Warble	1	0
HDZ-506	HDZ Keepers		2024-08-25	yes	Warble	1	1
HDZ-507	HDZ Keepers		2024-08-16	yes	Warble	1	1
HDZ-508	HDZ Keepers		2024-08-22	yes	Warble	1	1
HDZ-509	HDZ Keepers		2024-08-27	yes	Warble	1	1
HDZ-510	HDZ Keepers		2024-08-29	yes	Warble	1	1
HDZ-511	HDZ Keepers		2024-09-21	yes	Warble	1	0
HDZ-513	HDZ Keepers		2024-09-23	yes	Warble	1	0
HDZ-514	HDZ Keepers		2024-09-22	yes	Warble	1	0
HDZ-517	HDZ Keepers		2024-09-04	yes	Warble	1	1
HDZ-518	HDZ Keepers		2024-09-20	yes	Warble	1	0
HDZ-521	HDZ Keepers		2024-09-25	yes	Warble	1	0
HDZ-522	HDZ Keepers		2024-09-15	yes	Warble	1	1
HDZ-525	HDZ Keepers		2024-09-14	yes	Warble	1	1
HDZ-526	HDZ Keepers		2024-09-16	yes	Warble	1	0
HDZ-530	HDZ Keepers		2024-09-17	yes	Warble	0	0
HDZ-546	HDZ Keepers		2024-09-30	yes	Warble	0	0
HDZ-547	HDZ Keepers		2024-09-29	yes	Warble	0	0
HDZ-548	HDZ Keepers		2024-10-05	yes	Warble	0	0
HDZ-549	HDZ Keepers		2024-10-04	yes	Warble	0	0
HDZ-550	HDZ Keepers		2024-09-27	yes	Warble	0	0
HDZ-551	HDZ Keepers		2024-09-26	yes	Warble	0	0
HDZ-552	HDZ Keepers		2024-09-28	yes	Warble	0	0
HDZ-553	HDZ Keepers		2024-10-06	yes	Warble	0	0
HDZ-554	HDZ Keepers		2024-10-08	yes	Warble	0	0
HDZ-555	HDZ Keepers		2024-10-07	yes	Warble	0	0
HDZ-556	HDZ Keepers		2024-10-02	yes	Warble	0	0
